sku_id,product_name,category,supplier,current_stock,unit_cost,daily_demand_avg,daily_demand_std,lead_time_days,open_purchase_orders,units_on_order,historical_demand_30d,historical_demand_90d,last_restock_date
SKU-00001,Rapid Earbuds 634,Electronics,TransGlobal Manufacturing,118,547.76,4.27,0.62,24,0,0,133,396,2026-09-06
SKU-00002,Unsweetened Coffee 134,Grocery & Consumables,Evergreen Consumer Goods,234,12.85,8.31,3.51,6,0,0,256,755,2026-07-25
SKU-00003,Women's Shorts 961,Apparel,Pacific Rim Sourcing,4406,48.2,144.7,72.31,30,0,0,4813,13881,2026-08-17
SKU-00004,Cast Iron Utensil Set 799,Home & Kitchen,TransGlobal Manufacturing,258,160.58,12.88,5.96,27,0,0,377,1195,2026-08-26
SKU-00005,Retractable Whiteboard 962,Office Supplies,Delta Prime Wholesale,197,5.36,16.02,1.8,15,2,240,499,1511,2026-09-01
SKU-00006,Deluxe Card Game 505,Toys & Games,BlueHarbor Trading,98,36.31,3.95,1.39,30,1,98,123,337,2026-07-29
SKU-00007,Daily Body Wash 300,Health & Beauty,Vantage Health Products,4530,20.58,125.38,133.77,10,1,2128,2873,11684,2026-07-20
SKU-00008,Premium Air Filter 851,Automotive Parts,Ironclad Industrial Supply,363,271.74,1.51,0.26,47,2,103,45,132,2026-05-25
SKU-00009,Foldable Water Bottle 541,Sporting Goods,Coastal Sports & Outdoor,38,31.68,2.18,0.56,24,0,0,68,193,2026-07-20
SKU-00010,High-Torque Respirator Mask 942,Industrial Supplies,TransGlobal Manufacturing,1240,23.72,30.83,8.28,41,0,0,936,2767,2026-08-06
SKU-00011,Deluxe Stuffed Animal 127,Toys & Games,Anchor Point Toys Inc.,493,33.69,17.99,5.96,16,0,0,484,1596,2026-08-24
SKU-00012,Rapid Mouse 986,Electronics,Pacific Rim Sourcing,251,311.63,11.38,2.23,48,0,0,339,1048,2026-08-17
SKU-00013,Bluetooth Cable 429,Electronics,TransGlobal Manufacturing,277,73.16,17.47,5.52,21,0,0,547,1509,2026-08-21
SKU-00014,Performance Jacket 349,Apparel,Evergreen Consumer Goods,876,12.22,32.01,25.83,5,2,311,1152,2961,2026-09-07
SKU-00015,Anti-Slip Bike Helmet 570,Sporting Goods,Northgate Wholesale,421,84.95,2.87,1.56,18,0,0,77,250,2026-06-08
SKU-00016,Standard Hard Hat 657,Industrial Supplies,TransGlobal Manufacturing,43,42.29,1.65,1.03,20,0,0,48,147,2026-07-27
SKU-00017,Premium Sticky Notes 722,Office Supplies,Delta Prime Wholesale,203,7.0,5.82,5.97,11,0,0,164,531,2026-08-28
SKU-00018,Reinforced Dumbbell Set 411,Sporting Goods,Pacific Rim Sourcing,285,170.42,1.95,0.34,23,2,48,58,181,2026-06-27
SKU-00019,Recycled Pens (Box of 12) 547,Office Supplies,Sterling Office Supply,39,1.43,47.6,14.55,21,0,0,1400,4239,2026-08-19
SKU-00020,Sparkling Protein Bars 667,Grocery & Consumables,Evergreen Consumer Goods,6,7.9,5.79,2.48,18,3,114,196,567,2026-08-22
SKU-00021,Silicone Skillet 696,Home & Kitchen,Clearwater Home Goods,174,32.84,10.47,11.25,11,1,157,401,1141,2026-08-05
SKU-00022,Collapsible Skillet 147,Home & Kitchen,Clearwater Home Goods,434,18.15,15.68,1.45,23,2,416,460,1454,2026-08-27
SKU-00023,Cotton T-Shirt 861,Apparel,BlueHarbor Trading,198,15.33,16.97,7.89,17,1,275,614,1687,2026-08-15
SKU-00024,Lightweight Hoodie 270,Apparel,BlueHarbor Trading,151,6.76,7.28,6.2,13,0,0,245,676,2026-07-23
SKU-00025,Anti-Static Hex Bolts (100pk) 951,Industrial Supplies,TransGlobal Manufacturing,174,131.7,9.3,1.5,30,0,0,291,871,2026-08-23
SKU-00026,Foldable Tent (4-Person) 137,Sporting Goods,Pacific Rim Sourcing,178,34.66,59.18,17.2,53,0,0,1769,5179,2026-06-05
SKU-00027,Foldable Hiking Backpack 503,Sporting Goods,Coastal Sports & Outdoor,351,124.49,17.71,2.3,9,0,0,521,1633,2026-09-02
SKU-00028,Gluten-Free Pasta 762,Grocery & Consumables,Delta Prime Wholesale,84,13.88,30.21,23.14,6,2,171,1005,2742,2026-09-06
SKU-00029,Sparkling Pasta 363,Grocery & Consumables,Evergreen Consumer Goods,7299,2.45,192.35,203.46,7,0,0,6441,19158,2026-08-30
SKU-00030,Heavy-Duty Wiper Blades 390,Automotive Parts,Redline Auto Parts Ltd.,451,86.62,10.69,2.1,44,3,781,326,992,2026-07-22
SKU-00031,Universal Spark Plugs 389,Automotive Parts,Ironclad Industrial Supply,7,191.12,2.98,1.19,9,0,0,81,254,2026-08-27
SKU-00032,Educational Board Game 479,Toys & Games,BlueHarbor Trading,529,7.48,17.44,2.82,26,0,0,557,1648,2026-09-07
SKU-00033,Galvanized Work Gloves 869,Industrial Supplies,Ironclad Industrial Supply,610,159.41,2.54,0.93,31,0,0,77,229,2026-06-19
SKU-00034,Reinforced Extension Cord 396,Industrial Supplies,Ironclad Industrial Supply,37,72.78,8.52,2.15,8,0,0,248,732,2026-09-04
SKU-00035,Recycled Stapler 323,Office Supplies,Sterling Office Supply,3172,1.08,82.03,69.32,12,0,0,2148,6894,2026-08-07
SKU-00036,Build-Your-Own Art Kit 710,Toys & Games,BlueHarbor Trading,158,33.94,9.26,1.84,24,0,0,285,815,2026-09-04
SKU-00037,Quick-Dry Jump Rope 596,Sporting Goods,Northgate Wholesale,7,127.7,2.21,0.37,20,1,74,65,188,2026-08-05
SKU-00038,Hydrating Multivitamin 155,Health & Beauty,Vantage Health Products,162,11.07,4.58,2.11,7,1,51,149,430,2026-08-30
SKU-00039,Heavy-Duty Respirator Mask 400,Industrial Supplies,Ironclad Industrial Supply,126,24.96,19.6,10.03,15,0,0,607,1700,2026-08-15
SKU-00040,Universal Oil Filter 537,Automotive Parts,Redline Auto Parts Ltd.,18,218.78,2.35,1.05,14,0,0,60,202,2026-09-04
SKU-00041,Non-Stick Dish Rack 819,Home & Kitchen,TransGlobal Manufacturing,114,24.94,2.61,0.29,31,0,0,80,225,2026-07-20
SKU-00042,Synthetic Wiper Blades 559,Automotive Parts,Union Square Fabricators,89,118.92,2.28,0.35,44,0,0,69,215,2026-08-28
SKU-00043,Pro-Grade Resistance Bands 463,Sporting Goods,Pacific Rim Sourcing,44,136.84,2.24,2.09,15,0,0,94,249,2026-08-28
SKU-00044,Build-Your-Own Art Kit 277,Toys & Games,BlueHarbor Trading,291,5.94,8.17,1.47,14,0,0,232,718,2026-08-02
SKU-00045,Compact Webcam 414,Electronics,Apex Electronics Group,191,18.81,8.39,1.46,39,0,0,252,762,2026-09-08
SKU-00046,Retractable Label Maker 831,Office Supplies,Meridian Distribution Co.,16,25.78,5.26,5.28,5,0,0,123,405,2026-09-04
SKU-00047,Standard Cabin Filter 191,Automotive Parts,Redline Auto Parts Ltd.,42,277.93,1.08,0.17,10,1,16,33,94,2026-08-27
SKU-00048,Fair Trade Olive Oil 953,Grocery & Consumables,Evergreen Consumer Goods,728,9.15,17.43,7.07,14,0,0,580,1693,2026-07-20
SKU-00049,Mini RC Car 663,Toys & Games,Anchor Point Toys Inc.,84,9.49,4.33,0.83,16,0,0,126,378,2026-08-24
SKU-00050,OEM-Spec Air Filter 560,Automotive Parts,Union Square Fabricators,4,20.88,2.49,1.6,9,1,40,71,205,2026-08-25
SKU-00051,Multi-Pack Sticky Notes 238,Office Supplies,Meridian Distribution Co.,557,15.51,27.29,8.47,13,0,0,798,2341,2026-08-31
SKU-00052,All-Terrain Bike Helmet 800,Sporting Goods,Pacific Rim Sourcing,228,8.53,2.18,1.76,24,0,0,65,205,2026-07-17
SKU-00053,Heavy-Duty Cabin Filter 796,Automotive Parts,Ironclad Industrial Supply,31,71.74,0.94,0.08,15,0,0,28,86,2026-08-30
SKU-00054,Wooden Action Figure 357,Toys & Games,Anchor Point Toys Inc.,146,11.28,6.11,3.05,18,0,0,163,542,2026-09-06
SKU-00055,4K Charger 889,Electronics,Pacific Rim Sourcing,364,474.05,1.99,0.77,24,0,0,57,162,2026-06-07
SKU-00056,Cotton Hoodie 704,Apparel,Pacific Rim Sourcing,187,6.79,9.38,1.42,16,0,0,297,849,2026-07-18
SKU-00057,Remote Control Building Blocks 914,Toys & Games,BlueHarbor Trading,161,10.43,4.86,0.42,39,3,329,143,423,2026-07-30
SKU-00058,Daily Multivitamin 351,Health & Beauty,Evergreen Consumer Goods,1420,28.65,61.34,7.91,7,0,0,1867,5921,2026-08-14
SKU-00059,Bluetooth Hub 181,Electronics,Pacific Rim Sourcing,134,19.26,3.55,3.16,37,0,0,98,327,2026-08-08
SKU-00060,Universal Serpentine Belt 888,Automotive Parts,Union Square Fabricators,134,18.05,4.9,1.67,9,0,0,145,437,2026-07-25
SKU-00061,Heavy-Duty Sticky Notes 142,Office Supplies,Delta Prime Wholesale,296,13.38,16.72,6.94,36,0,0,494,1485,2026-07-25
SKU-00062,OEM-Spec Oil Filter 429,Automotive Parts,Union Square Fabricators,36,14.12,0.98,0.54,10,0,0,30,94,2026-09-05
SKU-00063,Adjustable Stapler 525,Office Supplies,Delta Prime Wholesale,180,2.59,7.77,3.74,5,0,0,245,746,2026-08-31
SKU-00064,Herbal Toothpaste 778,Health & Beauty,Evergreen Consumer Goods,650,3.34,31.39,13.27,12,0,0,919,2683,2026-09-04
SKU-00065,Foldable Yoga Mat 711,Sporting Goods,Northgate Wholesale,451,109.91,64.19,34.94,7,2,616,1918,6043,2026-09-01
SKU-00066,Portable Power Bank 219,Electronics,Apex Electronics Group,84,85.55,2.32,0.81,17,0,0,67,214,2026-07-25
SKU-00067,High-Torque Respirator Mask 195,Industrial Supplies,TransGlobal Manufacturing,441,384.19,2.69,0.35,28,0,0,82,239,2026-07-10
SKU-00068,Gentle Multivitamin 928,Health & Beauty,Meridian Distribution Co.,203,4.12,8.18,8.32,23,0,0,239,754,2026-08-05
SKU-00069,Pro-Grade Camping Chair 405,Sporting Goods,Pacific Rim Sourcing,1340,78.68,7.47,5.02,12,0,0,234,668,2026-06-30
SKU-00070,Lightweight Camping Chair 594,Sporting Goods,Northgate Wholesale,238,12.16,6.69,1.01,39,0,0,196,593,2026-08-15
SKU-00071,Pro-Grade Hiking Backpack 620,Sporting Goods,Coastal Sports & Outdoor,97,30.98,4.12,1.45,41,0,0,129,377,2026-09-01
SKU-00072,Portable Charger 732,Electronics,Apex Electronics Group,1636,414.61,5.75,0.51,48,0,0,173,519,2026-05-17
SKU-00073,Noise-Cancelling Monitor 459,Electronics,Summit Logistics Partners,1337,198.01,51.01,41.48,13,3,569,1645,4405,2026-08-17
SKU-00074,Women's T-Shirt 411,Apparel,Pacific Rim Sourcing,142,53.72,4.69,4.16,29,1,194,168,486,2026-08-25
SKU-00075,Recycled Whiteboard 163,Office Supplies,Delta Prime Wholesale,753,3.6,34.05,23.58,13,0,0,935,3222,2026-07-31
SKU-00076,OEM-Spec Brake Pads 412,Automotive Parts,Union Square Fabricators,201,101.45,5.99,0.71,18,0,0,183,516,2026-09-03
SKU-00077,Whole Grain Pasta 576,Grocery & Consumables,Delta Prime Wholesale,353,2.86,11.75,2.79,30,0,0,376,1069,2026-07-22
SKU-00078,Adjustable Hiking Backpack 708,Sporting Goods,Northgate Wholesale,49,71.01,3.25,0.38,6,1,25,98,277,2026-09-04
SKU-00079,High-Performance Headlight Bulb 595,Automotive Parts,Redline Auto Parts Ltd.,120,337.34,3.37,0.6,15,0,0,99,306,2026-09-08
SKU-00080,Ceramic Water Bottle 958,Home & Kitchen,TransGlobal Manufacturing,723,23.18,44.15,4.94,25,0,0,1327,3937,2026-07-27
SKU-00081,Heavy-Duty Zip Ties 756,Industrial Supplies,TransGlobal Manufacturing,45,64.18,2.05,0.34,49,0,0,62,184,2026-08-11
SKU-00082,Deluxe Board Game 742,Toys & Games,BlueHarbor Trading,209,10.32,4.94,4.63,19,0,0,128,412,2026-08-24
SKU-00083,Dual-Band Speaker 258,Electronics,TransGlobal Manufacturing,51,348.93,1.83,0.15,20,0,0,55,164,2026-08-24
SKU-00084,Non-Stick Cutting Board 689,Home & Kitchen,Northgate Wholesale,173,13.55,5.99,0.68,36,0,0,180,521,2026-09-07
SKU-00085,Plush Stuffed Animal 211,Toys & Games,Anchor Point Toys Inc.,638,10.23,22.8,20.84,25,3,923,484,1672,2026-08-09
SKU-00086,Heavy-Duty Battery 813,Automotive Parts,Ironclad Industrial Supply,79,116.78,1.95,0.7,9,1,28,63,178,2026-08-19
SKU-00087,SPF 30 Moisturizer 991,Health & Beauty,Meridian Distribution Co.,632,10.85,21.1,9.66,27,0,0,629,1946,2026-08-30
SKU-00088,Thermal Hoodie 738,Apparel,Evergreen Consumer Goods,1767,29.14,40.88,11.71,34,0,0,1027,3264,2026-07-27
SKU-00089,Non-Stick Dish Rack 627,Home & Kitchen,TransGlobal Manufacturing,1043,30.55,60.39,38.56,25,0,0,2017,5469,2026-08-14
SKU-00090,Anti-Static Cable Ties 666,Industrial Supplies,Union Square Fabricators,214,206.93,1.31,0.58,24,0,0,45,133,2026-04-20
SKU-00091,Galvanized Cable Ties 143,Industrial Supplies,Union Square Fabricators,747,203.87,33.81,15.46,11,0,0,849,2766,2026-08-27
SKU-00092,Glow-in-the-Dark Art Kit 742,Toys & Games,Anchor Point Toys Inc.,158,7.6,9.92,3.93,15,0,0,297,899,2026-08-06
SKU-00093,Adjustable Tent (4-Person) 718,Sporting Goods,Coastal Sports & Outdoor,65,55.08,2.68,1.04,14,3,43,77,235,2026-08-22
SKU-00094,Sulfate-Free Shampoo 281,Health & Beauty,Evergreen Consumer Goods,339,4.05,11.65,2.63,7,0,0,332,980,2026-08-07
SKU-00095,High-Torque Extension Cord 695,Industrial Supplies,Union Square Fabricators,24,193.14,17.92,4.72,12,1,356,543,1652,2026-09-02
SKU-00096,Unisex Leggings 555,Apparel,BlueHarbor Trading,252,23.01,7.57,1.17,19,0,0,228,693,2026-08-22
SKU-00097,Universal Brake Pads 198,Automotive Parts,Ironclad Industrial Supply,117,207.02,16.81,6.85,8,1,126,508,1471,2026-09-05
SKU-00098,Educational Action Figure 235,Toys & Games,Pacific Rim Sourcing,947,9.17,23.96,2.56,25,0,0,728,2212,2026-08-10
SKU-00099,Galvanized Hard Hat 641,Industrial Supplies,TransGlobal Manufacturing,118,18.05,4.6,0.49,16,0,0,136,416,2026-08-13
SKU-00100,Silicone Food Container 305,Home & Kitchen,Clearwater Home Goods,3464,40.95,106.78,12.6,6,0,0,3057,9454,2026-09-06
SKU-00101,Wide-Format Stapler 471,Office Supplies,Delta Prime Wholesale,242,19.77,5.4,5.75,10,0,0,156,498,2026-08-03
SKU-00102,Precision Cable Ties 975,Industrial Supplies,Union Square Fabricators,72,98.0,5.8,0.49,20,0,0,170,498,2026-08-25
SKU-00103,All-Terrain Bike Helmet 777,Sporting Goods,Northgate Wholesale,13,177.98,1.62,0.86,13,1,30,52,148,2026-09-04
SKU-00104,Educational Puzzle (500pc) 292,Toys & Games,Pacific Rim Sourcing,19,56.18,27.01,19.31,30,3,1461,661,2206,2026-07-22
SKU-00105,Performance Socks (3-Pack) 386,Apparel,BlueHarbor Trading,390,78.17,22.13,4.91,15,0,0,661,1964,2026-08-28
SKU-00106,Sparkling Coffee 477,Grocery & Consumables,Golden Valley Foods,420,5.5,11.36,3.87,41,0,0,341,1022,2026-07-31
SKU-00107,Non-Stick Utensil Set 398,Home & Kitchen,Clearwater Home Goods,156,76.97,5.18,1.15,5,0,0,162,465,2026-08-05
SKU-00108,Deluxe Building Blocks 319,Toys & Games,Pacific Rim Sourcing,111,5.77,5.94,0.5,30,0,0,172,526,2026-07-24
SKU-00109,Advanced Multivitamin 498,Health & Beauty,Vantage Health Products,89,8.17,9.29,3.84,24,1,188,264,790,2026-08-24
SKU-00110,Reinforced Cable Ties 320,Industrial Supplies,TransGlobal Manufacturing,53,370.9,2.8,2.16,41,0,0,90,271,2026-08-07
SKU-00111,Retractable Pens (Box of 12) 818,Office Supplies,Sterling Office Supply,88,1.69,2.43,0.27,10,0,0,73,217,2026-08-30
SKU-00112,Ergonomic Whiteboard 493,Office Supplies,Meridian Distribution Co.,16,8.59,3.4,1.15,9,2,41,93,292,2026-09-07
SKU-00113,Lightweight Yoga Mat 822,Sporting Goods,Northgate Wholesale,85,96.62,4.35,0.79,5,0,0,132,398,2026-08-20
SKU-00114,Fleece Jacket 902,Apparel,BlueHarbor Trading,5964,75.53,27.57,14.8,26,0,0,959,2715,2026-05-17
SKU-00115,Junior Tent (4-Person) 372,Sporting Goods,Pacific Rim Sourcing,263,210.14,10.55,3.27,36,0,0,300,865,2026-07-25
SKU-00116,Reusable Cookie Sheet 988,Home & Kitchen,TransGlobal Manufacturing,195,175.42,12.7,4.17,34,0,0,341,1071,2026-07-18
SKU-00117,Remote Control Play Tent 265,Toys & Games,Pacific Rim Sourcing,82,10.52,3.76,1.22,25,2,81,106,325,2026-07-31
SKU-00118,Adjustable Food Container 136,Home & Kitchen,TransGlobal Manufacturing,928,13.91,41.42,7.55,21,1,1496,1174,3623,2026-08-03
SKU-00119,Insulated Knife Set 845,Home & Kitchen,TransGlobal Manufacturing,560,20.64,14.94,3.92,31,0,0,461,1268,2026-08-29
SKU-00120,Retractable Whiteboard 576,Office Supplies,Delta Prime Wholesale,154,11.92,8.91,4.71,6,2,100,320,932,2026-07-24
SKU-00121,Adjustable Pens (Box of 12) 449,Office Supplies,Delta Prime Wholesale,15,23.4,4.67,1.37,6,0,0,148,436,2026-09-08
SKU-00122,Replacement Wiper Blades 296,Automotive Parts,Ironclad Industrial Supply,538,123.31,12.53,1.4,11,0,0,380,1104,2026-08-19
SKU-00123,Pro-Grade Hiking Backpack 207,Sporting Goods,Pacific Rim Sourcing,23,31.3,2.32,0.81,21,0,0,67,198,2026-08-04
SKU-00124,Multi-Pack Binder Clips 246,Office Supplies,Meridian Distribution Co.,549,2.37,34.47,11.39,5,0,0,986,3184,2026-09-01
SKU-00125,Compact Webcam 998,Electronics,Pacific Rim Sourcing,653,301.1,25.4,6.06,25,0,0,735,2366,2026-08-05
SKU-00126,Retractable Desk Organizer 757,Office Supplies,Sterling Office Supply,38,1.42,8.38,0.96,6,0,0,251,781,2026-09-08
SKU-00127,Slim Fit Jacket 761,Apparel,Evergreen Consumer Goods,437,20.54,2.75,1.16,35,0,0,86,258,2026-05-22
SKU-00128,Wooden Building Blocks 195,Toys & Games,Pacific Rim Sourcing,531,35.24,31.45,15.5,23,0,0,954,2729,2026-08-28
SKU-00129,Heavy-Duty Safety Goggles 928,Industrial Supplies,TransGlobal Manufacturing,358,67.4,8.44,2.11,13,0,0,263,768,2026-09-01
SKU-00130,Slim Fit Beanie 770,Apparel,Pacific Rim Sourcing,127,14.23,8.07,5.49,22,0,0,242,782,2026-08-30
SKU-00131,Herbal Shampoo 519,Health & Beauty,Evergreen Consumer Goods,2680,38.22,92.27,27.73,13,0,0,2954,8221,2026-09-03
SKU-00132,Advanced Multivitamin 258,Health & Beauty,Vantage Health Products,2780,5.26,65.48,27.57,7,0,0,1868,5841,2026-08-29
SKU-00133,Family Size Tea Bags 756,Grocery & Consumables,Delta Prime Wholesale,7469,11.38,50.74,17.96,15,0,0,1545,4506,2026-05-31
SKU-00134,Collapsible Mixing Bowl Set 595,Home & Kitchen,Northgate Wholesale,595,21.46,29.35,12.81,13,0,0,862,2558,2026-07-24
SKU-00135,Foldable Tent (4-Person) 410,Sporting Goods,Coastal Sports & Outdoor,43,13.12,4.55,1.63,20,2,168,127,372,2026-08-25
SKU-00136,All-Terrain Resistance Bands 411,Sporting Goods,Coastal Sports & Outdoor,190,23.57,1.66,1.81,11,0,0,49,152,2026-04-24
SKU-00137,Foldable Yoga Mat 364,Sporting Goods,Coastal Sports & Outdoor,600,40.52,14.13,5.34,17,0,0,419,1267,2026-08-09
SKU-00138,Build-Your-Own Stuffed Animal 469,Toys & Games,Pacific Rim Sourcing,101,53.38,6.16,2.55,14,0,0,170,530,2026-08-24
SKU-00139,Dual-Band Monitor 663,Electronics,Summit Logistics Partners,480,40.61,14.37,7.19,31,3,743,392,1183,2026-07-30
SKU-00140,Vitamin C Multivitamin 372,Health & Beauty,Vantage Health Products,1146,10.22,69.7,26.22,19,0,0,1984,5782,2026-08-19
SKU-00141,Gluten-Free Rice 147,Grocery & Consumables,Delta Prime Wholesale,45,6.05,8.08,1.44,8,1,72,239,759,2026-09-06
SKU-00142,High-Performance Floor Mats 242,Automotive Parts,Union Square Fabricators,108,145.76,8.37,2.13,15,0,0,243,751,2026-08-13
SKU-00143,Gluten-Free Trail Mix 881,Grocery & Consumables,Delta Prime Wholesale,521,2.84,12.71,5.14,6,0,0,347,1149,2026-08-30
SKU-00144,Replacement Air Filter 847,Automotive Parts,Ironclad Industrial Supply,848,15.16,22.62,22.01,43,0,0,738,2000,2026-09-02
SKU-00145,Compact Mouse 867,Electronics,TransGlobal Manufacturing,209,21.82,5.21,1.45,26,2,232,158,466,2026-08-10
SKU-00146,Advanced Toothpaste 716,Health & Beauty,Vantage Health Products,317,4.06,18.56,9.24,8,0,0,529,1628,2026-07-28
SKU-00147,High-Performance Headlight Bulb 995,Automotive Parts,Union Square Fabricators,1237,248.55,7.01,4.92,21,0,0,218,669,2026-06-23
SKU-00148,Cast Iron Mixing Bowl Set 675,Home & Kitchen,Clearwater Home Goods,107,95.31,6.64,3.01,9,0,0,188,614,2026-07-30
SKU-00149,Non-Stick Mixing Bowl Set 392,Home & Kitchen,TransGlobal Manufacturing,2915,13.81,18.45,2.23,28,0,0,558,1722,2026-05-29
SKU-00150,SPF 30 Face Mask 770,Health & Beauty,Evergreen Consumer Goods,1580,30.86,43.02,5.22,12,1,1029,1301,3962,2026-08-15
SKU-00151,Bulk Extension Cord 318,Industrial Supplies,Ironclad Industrial Supply,209,175.17,11.35,2.48,18,0,0,349,1056,2026-08-06
SKU-00152,Herbal Toothpaste 566,Health & Beauty,Evergreen Consumer Goods,1051,9.5,26.34,4.82,15,2,669,785,2427,2026-08-12
SKU-00153,Ceramic Headlight Bulb 556,Automotive Parts,Redline Auto Parts Ltd.,1683,69.13,45.96,15.63,10,2,555,1346,4065,2026-08-31
SKU-00154,Compact Notebook 409,Office Supplies,Delta Prime Wholesale,220,20.37,7.23,2.45,6,0,0,212,590,2026-08-29
SKU-00155,Glow-in-the-Dark Play Tent 399,Toys & Games,Anchor Point Toys Inc.,828,10.22,18.46,7.18,17,0,0,588,1674,2026-09-07
SKU-00156,Reinforced Work Gloves 660,Industrial Supplies,Ironclad Industrial Supply,67,104.11,1.91,0.33,27,0,0,58,173,2026-07-27
SKU-00157,Quick-Dry Dumbbell Set 215,Sporting Goods,Northgate Wholesale,59,15.27,14.48,4.88,8,0,0,452,1366,2026-09-05
SKU-00158,Unisex Joggers 544,Apparel,BlueHarbor Trading,3610,85.02,27.64,2.41,15,0,0,833,2407,2026-07-30
SKU-00159,High-Performance Wiper Blades 204,Automotive Parts,Union Square Fabricators,97,199.64,2.33,1.36,9,0,0,71,231,2026-08-06
SKU-00160,Collectible Puzzle (500pc) 746,Toys & Games,Anchor Point Toys Inc.,102,6.59,4.27,0.54,13,0,0,126,386,2026-09-08
SKU-00161,Anti-Static Cable Ties 371,Industrial Supplies,Ironclad Industrial Supply,437,97.42,18.0,8.92,20,1,519,518,1604,2026-08-27
SKU-00162,Classic Fit Beanie 689,Apparel,Pacific Rim Sourcing,291,60.4,8.31,1.5,21,0,0,241,710,2026-08-05
SKU-00163,High-Torque Zip Ties 555,Industrial Supplies,Union Square Fabricators,139,17.46,7.09,3.14,8,0,0,206,615,2026-08-23
SKU-00164,Recycled Notebook 316,Office Supplies,Delta Prime Wholesale,151,18.95,4.46,1.95,37,2,195,125,364,2026-08-07
SKU-00165,Ceramic Cabin Filter 550,Automotive Parts,Redline Auto Parts Ltd.,5577,72.83,47.27,16.59,11,0,0,1470,4396,2026-04-22
SKU-00166,Wide-Format Sticky Notes 182,Office Supplies,Delta Prime Wholesale,1147,9.12,8.27,1.87,7,0,0,253,704,2026-05-03
SKU-00167,Cast Iron Water Bottle 732,Home & Kitchen,Northgate Wholesale,230,9.28,5.18,3.19,7,0,0,144,474,2026-09-01
SKU-00168,Hydrating Face Mask 194,Health & Beauty,Meridian Distribution Co.,2775,4.66,61.92,32.64,20,0,0,2163,5895,2026-07-22
SKU-00169,Lightweight Bike Helmet 297,Sporting Goods,Coastal Sports & Outdoor,779,32.81,43.57,10.97,12,0,0,1274,3821,2026-08-13
SKU-00170,OEM-Spec Battery 149,Automotive Parts,Ironclad Industrial Supply,105,25.49,0.97,0.55,24,0,0,30,93,2026-06-28
SKU-00171,Reinforced Tent (4-Person) 537,Sporting Goods,Pacific Rim Sourcing,301,16.93,9.19,5.74,48,0,0,281,789,2026-07-10
SKU-00172,Adjustable Camping Chair 161,Sporting Goods,Coastal Sports & Outdoor,41,8.93,13.51,1.27,13,1,157,386,1135,2026-08-22
SKU-00173,Whole Grain Protein Bars 752,Grocery & Consumables,Evergreen Consumer Goods,5349,1.21,191.81,36.16,10,0,0,5909,18429,2026-07-19
SKU-00174,Non-Stick Mixing Bowl Set 430,Home & Kitchen,Clearwater Home Goods,43,54.36,2.26,0.33,13,0,0,69,211,2026-09-08
SKU-00175,Performance Jacket 219,Apparel,BlueHarbor Trading,447,15.42,13.07,1.75,14,0,0,399,1150,2026-08-26
SKU-00176,SPF 30 Face Mask 321,Health & Beauty,Vantage Health Products,610,48.52,18.28,5.57,12,0,0,555,1597,2026-07-30
SKU-00177,High-Performance Cabin Filter 834,Automotive Parts,Redline Auto Parts Ltd.,78,176.95,11.82,8.83,15,0,0,275,937,2026-08-17
SKU-00178,Universal Cabin Filter 406,Automotive Parts,Redline Auto Parts Ltd.,382,80.87,13.76,12.51,12,0,0,323,986,2026-08-17
SKU-00179,Heavy-Duty Cabin Filter 573,Automotive Parts,Ironclad Industrial Supply,24,39.89,7.84,2.97,8,2,68,230,693,2026-09-01
SKU-00180,Premium Serpentine Belt 293,Automotive Parts,Ironclad Industrial Supply,67,23.02,2.21,0.58,17,0,0,65,202,2026-08-10
SKU-00181,Whole Grain Pasta 232,Grocery & Consumables,Evergreen Consumer Goods,21401,7.08,162.32,115.16,6,0,0,4968,15235,2026-06-06
SKU-00182,Bamboo Cutting Board 585,Home & Kitchen,TransGlobal Manufacturing,796,34.1,46.85,40.33,24,1,2119,833,2870,2026-08-07
SKU-00183,Bulk Hex Bolts (100pk) 494,Industrial Supplies,TransGlobal Manufacturing,164,19.26,7.0,1.36,30,1,181,212,611,2026-07-06
SKU-00184,SPF 30 Multivitamin 314,Health & Beauty,Meridian Distribution Co.,136,33.86,4.6,1.74,25,1,213,140,448,2026-09-01
SKU-00185,Anti-Aging Hand Cream 747,Health & Beauty,Vantage Health Products,220,34.37,3.49,3.46,5,0,0,143,397,2026-07-10
SKU-00186,Recycled Binder Clips 774,Office Supplies,Meridian Distribution Co.,5815,1.25,33.0,4.15,9,0,0,957,2921,2026-05-18
SKU-00187,Bulk Hard Hat 952,Industrial Supplies,TransGlobal Manufacturing,93,23.26,2.54,1.25,25,3,103,62,190,2026-07-26
SKU-00188,Wireless Speaker 871,Electronics,Pacific Rim Sourcing,2868,374.07,86.88,55.08,19,1,2019,2462,7848,2026-07-25
SKU-00189,Cotton Socks (3-Pack) 436,Apparel,BlueHarbor Trading,276,62.18,7.39,5.7,13,0,0,198,537,2026-08-17
SKU-00190,Sparkling Sparkling Water 235,Grocery & Consumables,Evergreen Consumer Goods,2661,7.87,72.28,75.75,8,0,0,2073,6755,2026-08-03
SKU-00191,Precision Hard Hat 192,Industrial Supplies,TransGlobal Manufacturing,395,63.53,21.39,8.56,25,2,487,648,1893,2026-07-21
SKU-00192,Precision Zip Ties 310,Industrial Supplies,Union Square Fabricators,56,94.83,2.33,0.54,12,0,0,73,213,2026-08-24
SKU-00193,Slim Fit Socks (3-Pack) 734,Apparel,Evergreen Consumer Goods,169,66.71,8.03,1.67,11,2,101,238,699,2026-09-01
SKU-00194,Herbal Face Serum 782,Health & Beauty,Evergreen Consumer Goods,2003,30.14,17.01,7.09,14,0,0,554,1517,2026-07-11
SKU-00195,Ergonomic Notebook 478,Office Supplies,Meridian Distribution Co.,67,17.95,22.79,12.17,4,1,129,745,2108,2026-09-08
SKU-00196,Adjustable Stapler 921,Office Supplies,Delta Prime Wholesale,173,1.55,5.24,2.04,5,0,0,161,466,2026-08-13
SKU-00197,4K Hub 868,Electronics,Summit Logistics Partners,448,141.56,15.4,8.06,8,0,0,411,1185,2026-07-30
SKU-00198,Organic Pasta 930,Grocery & Consumables,Golden Valley Foods,32527,2.2,218.8,103.72,10,0,0,6628,19925,2026-06-04
SKU-00199,Standard Desk Organizer 324,Office Supplies,Meridian Distribution Co.,632,16.47,38.6,19.68,5,0,0,1002,3314,2026-08-17
SKU-00200,Retractable Desk Organizer 724,Office Supplies,Sterling Office Supply,34,5.88,8.65,1.77,16,2,219,260,795,2026-08-11
SKU-00201,Glow-in-the-Dark Model Kit 180,Toys & Games,Anchor Point Toys Inc.,152,16.05,3.99,0.57,16,1,123,115,353,2026-09-06
SKU-00202,Daily Body Wash 783,Health & Beauty,Evergreen Consumer Goods,106,4.62,4.38,0.91,6,0,0,142,430,2026-08-16
SKU-00203,Premium Cabin Filter 297,Automotive Parts,Ironclad Industrial Supply,130,37.71,3.6,0.47,21,2,73,107,319,2026-09-02
SKU-00204,Premium Stapler 554,Office Supplies,Delta Prime Wholesale,1121,16.91,8.82,6.05,7,0,0,263,788,2026-05-03
SKU-00205,Stainless Steel Utensil Set 932,Home & Kitchen,Clearwater Home Goods,295,14.53,15.89,8.04,8,0,0,561,1642,2026-08-16
SKU-00206,Dual-Band Speaker 617,Electronics,Summit Logistics Partners,22,108.83,4.27,0.99,7,3,59,127,383,2026-08-29
SKU-00207,Replacement Cabin Filter 640,Automotive Parts,Ironclad Industrial Supply,277,147.04,21.94,8.64,24,0,0,689,2121,2026-08-10
SKU-00208,Reusable Water Bottle 793,Home & Kitchen,TransGlobal Manufacturing,10,18.72,3.24,0.9,20,1,119,105,301,2026-08-23
SKU-00209,Glow-in-the-Dark Building Blocks 548,Toys & Games,Anchor Point Toys Inc.,96,9.84,4.17,0.41,19,0,0,124,388,2026-08-25
SKU-00210,Premium Brake Pads 484,Automotive Parts,Redline Auto Parts Ltd.,3298,12.51,13.97,2.64,35,0,0,433,1319,2026-07-05
SKU-00211,Wide-Format Whiteboard 393,Office Supplies,Sterling Office Supply,2679,4.35,42.46,9.3,4,0,0,1271,3636,2026-05-24
SKU-00212,Standard Headlight Bulb 701,Automotive Parts,Ironclad Industrial Supply,8,69.47,2.31,0.84,38,2,94,74,211,2026-07-01
SKU-00213,Reinforced Jump Rope 528,Sporting Goods,Pacific Rim Sourcing,665,15.13,4.24,0.6,18,1,120,130,395,2026-04-30
SKU-00214,Premium Stapler 841,Office Supplies,Meridian Distribution Co.,60,2.33,4.94,1.19,14,0,0,153,456,2026-08-24
SKU-00215,Rapid Webcam 531,Electronics,Pacific Rim Sourcing,332,239.64,16.58,1.99,31,0,0,513,1505,2026-08-07
SKU-00216,Whole Grain Granola 239,Grocery & Consumables,Evergreen Consumer Goods,211,11.88,38.13,16.74,8,1,388,884,3003,2026-09-07
SKU-00217,Silicone Mixing Bowl Set 450,Home & Kitchen,Clearwater Home Goods,59,9.98,3.29,0.68,34,0,0,97,305,2026-09-08
SKU-00218,High-Torque Respirator Mask 453,Industrial Supplies,Union Square Fabricators,45,110.23,1.56,0.91,7,0,0,38,127,2026-09-08
SKU-00219,Ceramic Mixing Bowl Set 798,Home & Kitchen,Northgate Wholesale,563,137.45,17.19,1.61,38,0,0,519,1521,2026-08-04
SKU-00220,Daily Multivitamin 121,Health & Beauty,Vantage Health Products,755,11.97,148.74,54.67,8,2,1707,4678,14444,2026-09-04
SKU-00221,Remote Control Board Game 161,Toys & Games,BlueHarbor Trading,96,25.47,7.87,3.51,20,1,259,225,683,2026-08-11
SKU-00222,Whole Grain Trail Mix 556,Grocery & Consumables,Evergreen Consumer Goods,2023,1.73,52.99,15.76,28,0,0,1474,4469,2026-07-20
SKU-00223,Synthetic Serpentine Belt 808,Automotive Parts,Union Square Fabricators,31,21.04,1.67,0.23,10,0,0,49,149,2026-08-05
SKU-00224,Industrial-Grade Zip Ties 516,Industrial Supplies,TransGlobal Manufacturing,46,101.69,2.01,1.12,55,0,0,72,188,2026-08-18
SKU-00225,USB-C Power Bank 150,Electronics,Summit Logistics Partners,103,176.28,5.93,6.18,15,1,89,122,394,2026-07-20
SKU-00226,Wide-Format Paper Shredder 433,Office Supplies,Meridian Distribution Co.,1894,14.88,22.0,2.28,9,0,0,646,1920,2026-06-28
SKU-00227,Multi-Pack Desk Organizer 355,Office Supplies,Meridian Distribution Co.,3224,1.18,107.45,18.89,6,2,748,3086,9152,2026-08-04
SKU-00228,Standard Work Gloves 888,Industrial Supplies,Ironclad Industrial Supply,103,56.46,38.56,41.09,19,2,608,1213,3612,2026-08-25
SKU-00229,Women's Hoodie 848,Apparel,BlueHarbor Trading,18997,6.23,115.42,61.66,19,0,0,3351,10182,2026-04-20
SKU-00230,Industrial-Grade Zip Ties 771,Industrial Supplies,Union Square Fabricators,5700,111.79,34.16,7.03,21,0,0,1045,3151,2026-06-18
SKU-00231,Premium Desk Organizer 300,Office Supplies,Meridian Distribution Co.,4628,2.7,134.86,17.87,6,0,0,4197,12495,2026-07-23
SKU-00232,Extra Virgin Almond Butter 160,Grocery & Consumables,Delta Prime Wholesale,2186,2.19,15.0,5.97,6,0,0,451,1351,2026-05-31
SKU-00233,All-Weather Oil Filter 894,Automotive Parts,Union Square Fabricators,71,131.94,2.19,0.74,35,0,0,63,186,2026-09-03
SKU-00234,Sulfate-Free Moisturizer 583,Health & Beauty,Meridian Distribution Co.,504,4.96,7.96,3.34,5,0,0,267,828,2026-05-11
SKU-00235,Dual-Band Cable 138,Electronics,TransGlobal Manufacturing,387,48.16,20.56,14.89,29,0,0,637,1752,2026-07-22
SKU-00236,Galvanized Respirator Mask 816,Industrial Supplies,Ironclad Industrial Supply,74,245.05,2.4,0.88,44,0,0,60,193,2026-08-15
SKU-00237,Adjustable Yoga Mat 327,Sporting Goods,Pacific Rim Sourcing,377,46.08,23.83,5.86,20,1,687,690,2190,2026-07-18
SKU-00238,Plush Board Game 932,Toys & Games,BlueHarbor Trading,373,6.52,17.51,7.53,15,1,252,508,1424,2026-08-06
SKU-00239,Family Size Rice 335,Grocery & Consumables,Golden Valley Foods,1470,14.56,59.34,6.74,7,0,0,1727,5470,2026-08-24
SKU-00240,Junior Tent (4-Person) 298,Sporting Goods,Pacific Rim Sourcing,55,27.19,2.75,0.28,23,1,52,82,248,2026-08-20
SKU-00241,Thermal Leggings 746,Apparel,BlueHarbor Trading,1111,82.15,6.16,1.23,19,0,0,185,564,2026-04-23
SKU-00242,Heavy-Duty Serpentine Belt 453,Automotive Parts,Union Square Fabricators,84,24.07,2.61,0.54,17,0,0,77,235,2026-07-30
SKU-00243,Ceramic Brake Pads 336,Automotive Parts,Union Square Fabricators,649,59.52,28.08,9.0,12,3,492,841,2476,2026-08-22
SKU-00244,Hydrating Toothpaste 961,Health & Beauty,Evergreen Consumer Goods,235,16.42,35.92,6.12,9,2,629,1075,3221,2026-08-26
SKU-00245,Bluetooth Cable 996,Electronics,Apex Electronics Group,2384,56.14,14.72,7.44,20,0,0,433,1246,2026-07-08
SKU-00246,Thermal Hoodie 641,Apparel,Evergreen Consumer Goods,294,42.98,8.9,2.48,16,0,0,282,873,2026-08-01
SKU-00247,Wide-Format Paper Shredder 620,Office Supplies,Sterling Office Supply,249,21.73,7.76,3.93,6,0,0,223,661,2026-07-21
SKU-00248,4K Speaker 691,Electronics,Pacific Rim Sourcing,30,122.44,1.6,0.64,28,0,0,47,140,2026-07-22
SKU-00249,Sparkling Sparkling Water 332,Grocery & Consumables,Evergreen Consumer Goods,8749,3.53,61.15,45.63,19,0,0,1791,5171,2026-06-04
SKU-00250,4K Speaker 375,Electronics,Pacific Rim Sourcing,757,28.76,22.79,10.52,25,0,0,597,1875,2026-08-11
SKU-00251,Heavy-Duty Cable Ties 256,Industrial Supplies,Ironclad Industrial Supply,70,119.73,1.91,0.41,18,0,0,59,170,2026-08-29
SKU-00252,Slim Fit Hoodie 242,Apparel,BlueHarbor Trading,2646,8.73,122.14,34.39,11,2,1636,3762,11838,2026-08-07
SKU-00253,Build-Your-Own Board Game 575,Toys & Games,BlueHarbor Trading,79,17.84,5.84,2.46,15,2,152,181,506,2026-08-19
SKU-00254,Sulfate-Free Body Wash 362,Health & Beauty,Evergreen Consumer Goods,4534,17.73,113.91,10.06,8,0,0,3485,9910,2026-09-07
SKU-00255,Foldable Dumbbell Set 149,Sporting Goods,Pacific Rim Sourcing,10,23.13,3.46,0.81,23,0,0,101,297,2026-08-13
SKU-00256,Collapsible Dish Rack 528,Home & Kitchen,Northgate Wholesale,73,77.49,2.26,0.24,20,2,55,68,211,2026-08-25
SKU-00257,Fair Trade Granola 582,Grocery & Consumables,Delta Prime Wholesale,6534,17.18,222.91,61.03,7,0,0,6137,19236,2026-08-16
SKU-00258,Vitamin C Face Mask 807,Health & Beauty,Vantage Health Products,256,4.33,6.22,2.28,25,0,0,218,603,2026-08-15
SKU-00259,Fragrance-Free Face Serum 753,Health & Beauty,Vantage Health Products,922,9.41,10.8,2.21,9,0,0,329,967,2026-05-24
SKU-00260,4K Cable 910,Electronics,TransGlobal Manufacturing,90,180.25,3.7,2.3,22,0,0,115,364,2026-08-21
SKU-00261,Universal Wiper Blades 387,Automotive Parts,Ironclad Industrial Supply,14,13.57,1.33,1.43,16,0,0,39,121,2026-08-21
SKU-00262,Fair Trade Rice 906,Grocery & Consumables,Delta Prime Wholesale,1222,10.8,30.4,2.9,6,0,0,904,2852,2026-07-27
SKU-00263,Cotton Hoodie 156,Apparel,Pacific Rim Sourcing,3669,84.41,94.82,70.43,37,0,0,2642,8280,2026-09-02
SKU-00264,Wireless Monitor 301,Electronics,Pacific Rim Sourcing,1166,45.87,25.92,3.03,53,0,0,771,2280,2026-08-11
SKU-00265,Non-Stick Food Container 771,Home & Kitchen,Clearwater Home Goods,33,45.66,1.87,2.02,33,0,0,66,205,2026-08-05
SKU-00266,Plush RC Car 285,Toys & Games,Pacific Rim Sourcing,335,50.68,16.24,9.79,14,0,0,510,1447,2026-08-31
SKU-00267,Reusable Water Bottle 938,Home & Kitchen,Northgate Wholesale,240,62.69,5.66,0.58,16,0,0,175,517,2026-07-27
SKU-00268,Quick-Dry Bike Helmet 238,Sporting Goods,Pacific Rim Sourcing,98,9.39,3.55,1.57,18,0,0,112,326,2026-07-20
SKU-00269,Performance Shorts 661,Apparel,Pacific Rim Sourcing,171,8.21,7.99,6.51,38,2,524,224,720,2026-08-08
SKU-00270,Reusable Utensil Set 426,Home & Kitchen,Clearwater Home Goods,2558,35.8,60.21,50.38,12,0,0,1744,5521,2026-07-30
SKU-00271,Ceramic Mixing Bowl Set 810,Home & Kitchen,Northgate Wholesale,787,19.87,31.52,20.12,5,0,0,865,2685,2026-08-04
SKU-00272,Heavy-Duty Sticky Notes 612,Office Supplies,Sterling Office Supply,764,2.05,23.09,9.46,7,0,0,769,2327,2026-09-05
SKU-00273,Ceramic Air Filter 743,Automotive Parts,Union Square Fabricators,270,66.6,13.52,2.63,7,1,163,425,1222,2026-07-30
SKU-00274,Classic Fit Windbreaker 254,Apparel,Evergreen Consumer Goods,260,8.15,13.78,10.54,5,0,0,493,1278,2026-07-20
SKU-00275,Fragrance-Free Multivitamin 327,Health & Beauty,Evergreen Consumer Goods,537,14.89,22.42,9.18,17,3,611,671,2070,2026-07-22
SKU-00276,Smart Webcam 656,Electronics,Pacific Rim Sourcing,64,443.44,23.37,7.9,32,0,0,690,2126,2026-06-29
SKU-00277,All-Terrain Dumbbell Set 953,Sporting Goods,Coastal Sports & Outdoor,57,10.28,2.49,0.63,46,0,0,72,204,2026-08-31
SKU-00278,Reinforced Extension Cord 966,Industrial Supplies,TransGlobal Manufacturing,42,24.38,2.99,1.3,19,0,0,88,270,2026-08-22
SKU-00279,Cast Iron Storage Bin 463,Home & Kitchen,Northgate Wholesale,5,54.31,7.19,1.78,12,2,148,213,675,2026-08-22
SKU-00280,All-Terrain Tent (4-Person) 473,Sporting Goods,Coastal Sports & Outdoor,1129,30.44,62.06,20.98,10,3,508,1948,5401,2026-07-20
SKU-00281,Wide-Format Label Maker 143,Office Supplies,Meridian Distribution Co.,1090,24.32,25.07,5.0,14,0,0,783,2137,2026-08-20
SKU-00282,Rapid Cable 148,Electronics,Apex Electronics Group,2163,225.46,70.13,22.87,13,1,928,2235,6723,2026-07-30
SKU-00283,Lightweight Shorts 252,Apparel,Evergreen Consumer Goods,159,27.49,6.12,6.7,9,0,0,190,540,2026-08-12
SKU-00284,Single Serve Pasta 256,Grocery & Consumables,Evergreen Consumer Goods,1959,14.93,43.62,17.03,12,0,0,1184,3705,2026-08-16
SKU-00285,Collectible Building Blocks 724,Toys & Games,BlueHarbor Trading,112,18.57,4.98,1.8,10,0,0,143,424,2026-08-23
SKU-00286,Reinforced Basketball 200,Sporting Goods,Pacific Rim Sourcing,51,54.26,1.78,0.3,27,0,0,55,164,2026-08-04
SKU-00287,4K Speaker 754,Electronics,Pacific Rim Sourcing,447,41.93,2.73,1.57,29,0,0,79,226,2026-05-04
SKU-00288,Multi-Pack Label Maker 205,Office Supplies,Delta Prime Wholesale,181,2.75,6.72,1.99,6,0,0,186,562,2026-08-16
SKU-00289,Men's Polo 589,Apparel,BlueHarbor Trading,5105,21.25,140.5,33.0,46,0,0,4129,12727,2026-07-20
SKU-00290,Build-Your-Own Stuffed Animal 863,Toys & Games,Anchor Point Toys Inc.,43,15.33,6.15,0.62,14,1,65,187,552,2026-08-18
SKU-00291,SPF 30 Moisturizer 978,Health & Beauty,Vantage Health Products,547,22.42,13.28,1.27,22,2,498,403,1187,2026-08-24
SKU-00292,Universal Cabin Filter 300,Automotive Parts,Ironclad Industrial Supply,138,42.61,14.6,6.69,19,3,463,384,1230,2026-08-23
SKU-00293,Daily Face Serum 441,Health & Beauty,Meridian Distribution Co.,114,6.6,4.52,4.49,10,0,0,168,475,2026-09-07
SKU-00294,Replacement Battery 718,Automotive Parts,Redline Auto Parts Ltd.,321,27.75,9.92,3.43,19,0,0,317,920,2026-08-26
SKU-00295,Standard Headlight Bulb 285,Automotive Parts,Ironclad Industrial Supply,43,168.61,1.3,0.28,28,0,0,38,112,2026-08-26
SKU-00296,Classic Fit Shorts 379,Apparel,Evergreen Consumer Goods,1640,67.49,76.45,44.99,12,0,0,2192,6739,2026-08-11
SKU-00297,Adjustable Cutting Board 622,Home & Kitchen,TransGlobal Manufacturing,213,38.3,13.16,2.82,17,3,377,398,1236,2026-08-15
SKU-00298,Heavy-Duty Label Maker 265,Office Supplies,Sterling Office Supply,89,9.4,30.7,17.45,3,0,0,743,2271,2026-09-08
SKU-00299,Wooden Action Figure 508,Toys & Games,BlueHarbor Trading,665,11.93,21.41,1.93,17,0,0,655,2000,2026-09-03
SKU-00300,USB-C Cable 444,Electronics,TransGlobal Manufacturing,778,189.19,4.13,1.12,20,0,0,120,377,2026-05-29
SKU-00301,Heavy-Duty Extension Cord 243,Industrial Supplies,TransGlobal Manufacturing,733,399.2,17.08,13.25,27,0,0,630,1953,2026-08-05
SKU-00302,Bamboo Utensil Set 831,Home & Kitchen,TransGlobal Manufacturing,202,50.53,6.37,0.72,19,2,185,191,582,2026-08-23
SKU-00303,Roasted Rice 305,Grocery & Consumables,Golden Valley Foods,126,1.86,13.77,4.14,10,3,259,417,1259,2026-08-27
SKU-00304,Cotton Joggers 897,Apparel,Evergreen Consumer Goods,865,7.05,9.49,8.76,6,0,0,311,960,2026-07-16
SKU-00305,Gluten-Free Trail Mix 618,Grocery & Consumables,Delta Prime Wholesale,876,1.29,21.8,4.1,9,0,0,650,2003,2026-07-23
SKU-00306,Impact-Resistant Water Bottle 458,Sporting Goods,Northgate Wholesale,769,155.95,18.89,4.64,35,0,0,596,1824,2026-07-20
SKU-00307,Classic Fit Leggings 570,Apparel,BlueHarbor Trading,243,15.31,15.43,6.08,35,0,0,421,1359,2026-08-02
SKU-00308,Smart Power Bank 832,Electronics,Pacific Rim Sourcing,651,366.29,17.17,4.19,21,0,0,547,1550,2026-08-22
SKU-00309,Mini Puzzle (500pc) 621,Toys & Games,Pacific Rim Sourcing,121,60.93,3.7,0.45,23,0,0,112,348,2026-08-10
SKU-00310,Classic Fit Polo 100,Apparel,Evergreen Consumer Goods,2737,65.63,95.24,37.87,11,0,0,2977,8421,2026-08-28
SKU-00311,Fragrance-Free Toothpaste 366,Health & Beauty,Meridian Distribution Co.,150,22.47,6.21,2.95,14,0,0,169,512,2026-07-24
SKU-00312,Mini Puzzle (500pc) 309,Toys & Games,Anchor Point Toys Inc.,621,21.02,22.4,5.37,13,0,0,655,1929,2026-08-27
SKU-00313,Cast Iron Water Bottle 186,Home & Kitchen,Northgate Wholesale,3,9.24,3.11,0.77,6,0,0,87,259,2026-09-01
SKU-00314,Ergonomic Sticky Notes 515,Office Supplies,Sterling Office Supply,2324,1.47,75.27,44.09,24,0,0,2131,7011,2026-07-21
SKU-00315,High-Performance Oil Filter 507,Automotive Parts,Redline Auto Parts Ltd.,64,135.88,2.79,0.72,13,0,0,79,241,2026-08-01
SKU-00316,OEM-Spec Floor Mats 942,Automotive Parts,Union Square Fabricators,78,84.13,1.8,1.38,39,0,0,48,166,2026-08-17
SKU-00317,Heavy-Duty Headlight Bulb 976,Automotive Parts,Union Square Fabricators,529,105.39,13.89,6.81,18,0,0,436,1303,2026-08-25
SKU-00318,Adjustable Desk Organizer 354,Office Supplies,Sterling Office Supply,207,3.62,6.75,5.88,4,0,0,190,555,2026-07-24
SKU-00319,Classic Fit Windbreaker 326,Apparel,Pacific Rim Sourcing,13,10.86,4.65,1.64,24,3,220,132,393,2026-08-19
SKU-00320,Family Size Protein Bars 731,Grocery & Consumables,Evergreen Consumer Goods,207,5.54,52.01,4.83,8,0,0,1538,4658,2026-09-02
SKU-00321,Vitamin C Body Wash 458,Health & Beauty,Vantage Health Products,259,44.69,6.05,4.7,36,0,0,168,501,2026-08-12
SKU-00322,High-Performance Wiper Blades 510,Automotive Parts,Ironclad Industrial Supply,397,23.64,15.86,8.63,14,0,0,467,1411,2026-07-20
SKU-00323,Retractable Binder Clips 975,Office Supplies,Delta Prime Wholesale,18,12.71,6.77,0.81,5,0,0,197,590,2026-09-09
SKU-00324,Roasted Pasta 471,Grocery & Consumables,Delta Prime Wholesale,4867,7.52,29.1,7.02,6,0,0,810,2543,2026-06-08
SKU-00325,Gluten-Free Rice 435,Grocery & Consumables,Evergreen Consumer Goods,8282,1.19,77.44,42.47,28,0,0,2557,7378,2026-07-18
SKU-00326,All-Terrain Camping Chair 162,Sporting Goods,Pacific Rim Sourcing,711,15.55,16.46,2.01,20,0,0,508,1450,2026-07-19
SKU-00327,Advanced Toothpaste 274,Health & Beauty,Evergreen Consumer Goods,48,25.17,24.01,3.91,23,2,636,702,2105,2026-08-10
SKU-00328,Galvanized Zip Ties 453,Industrial Supplies,Ironclad Industrial Supply,15,80.49,4.0,0.43,33,2,213,123,359,2026-07-28
SKU-00329,Dual-Band Earbuds 349,Electronics,Summit Logistics Partners,392,18.16,47.39,21.87,10,0,0,1582,4499,2026-09-01
SKU-00330,Family Size Tea Bags 369,Grocery & Consumables,Delta Prime Wholesale,149,1.09,9.24,2.88,7,0,0,260,794,2026-09-05
SKU-00331,Reusable Skillet 879,Home & Kitchen,TransGlobal Manufacturing,762,17.1,5.58,2.35,29,0,0,157,471,2026-05-07
SKU-00332,Stainless Steel Skillet 466,Home & Kitchen,Clearwater Home Goods,316,14.7,20.12,3.91,28,2,1059,601,1823,2026-07-24
SKU-00333,High-Performance Oil Filter 570,Automotive Parts,Union Square Fabricators,1082,171.94,41.31,4.12,10,0,0,1235,3894,2026-07-18
SKU-00334,Wooden Board Game 780,Toys & Games,BlueHarbor Trading,82,12.08,2.23,0.84,12,0,0,65,202,2026-08-18
SKU-00335,Insulated Skillet 214,Home & Kitchen,Northgate Wholesale,490,12.45,3.49,0.38,6,0,0,108,320,2026-05-20
SKU-00336,Interactive Building Blocks 585,Toys & Games,Pacific Rim Sourcing,3507,21.2,81.61,44.46,20,0,0,2538,7713,2026-08-29
SKU-00337,Thermal Leggings 714,Apparel,Evergreen Consumer Goods,2793,39.88,27.91,5.26,10,0,0,800,2512,2026-05-05
SKU-00338,Herbal Multivitamin 969,Health & Beauty,Evergreen Consumer Goods,4794,8.13,115.61,24.78,12,0,0,3377,9785,2026-07-30
SKU-00339,Fragrance-Free Lip Balm 458,Health & Beauty,Meridian Distribution Co.,494,45.86,17.62,3.7,9,0,0,537,1664,2026-09-03
SKU-00340,High-Performance Cabin Filter 946,Automotive Parts,Redline Auto Parts Ltd.,168,16.26,5.34,2.9,8,0,0,181,546,2026-08-05
SKU-00341,Glow-in-the-Dark Model Kit 301,Toys & Games,Pacific Rim Sourcing,56,18.89,3.58,0.59,17,0,0,104,327,2026-08-27
SKU-00342,Gentle Lip Balm 503,Health & Beauty,Evergreen Consumer Goods,6386,6.78,147.62,82.75,7,1,1691,4611,13860,2026-08-29
SKU-00343,Standard Serpentine Belt 463,Automotive Parts,Ironclad Industrial Supply,97,233.48,2.53,0.43,27,3,109,74,212,2026-08-25
SKU-00344,Deluxe Art Kit 315,Toys & Games,Anchor Point Toys Inc.,4214,60.75,24.58,8.27,19,0,0,679,2116,2026-07-21
SKU-00345,Adjustable Desk Organizer 761,Office Supplies,Meridian Distribution Co.,71,4.86,3.38,1.69,6,0,0,106,320,2026-07-31
SKU-00346,High-Torque Cable Ties 200,Industrial Supplies,Union Square Fabricators,123,354.26,4.07,0.5,23,0,0,118,378,2026-08-10
SKU-00347,Anti-Static Pallet Wrap 401,Industrial Supplies,TransGlobal Manufacturing,437,130.69,10.59,4.9,17,0,0,340,1002,2026-08-27
SKU-00348,Daily Shampoo 322,Health & Beauty,Meridian Distribution Co.,964,10.05,24.68,5.74,5,0,0,748,2247,2026-07-20
SKU-00349,Cotton T-Shirt 670,Apparel,Pacific Rim Sourcing,1217,33.42,63.35,26.94,19,0,0,1905,5620,2026-08-14
SKU-00350,Cotton T-Shirt 571,Apparel,Evergreen Consumer Goods,267,6.77,9.76,1.54,20,0,0,287,870,2026-09-06
SKU-00351,Classic Fit Windbreaker 515,Apparel,BlueHarbor Trading,315,19.09,18.4,8.71,15,2,426,561,1718,2026-08-09
SKU-00352,Adjustable Cutting Board 883,Home & Kitchen,TransGlobal Manufacturing,1255,148.64,5.05,3.32,26,0,0,159,453,2026-06-08
SKU-00353,Premium Cabin Filter 672,Automotive Parts,Ironclad Industrial Supply,146,17.21,2.19,0.27,10,0,0,65,193,2026-06-23
SKU-00354,Hydrating Moisturizer 473,Health & Beauty,Meridian Distribution Co.,667,19.58,5.61,3.0,6,0,0,146,465,2026-07-04
SKU-00355,Adjustable Label Maker 991,Office Supplies,Meridian Distribution Co.,5,33.65,2.95,1.32,11,0,0,79,261,2026-09-03
SKU-00356,Silicone Cookie Sheet 131,Home & Kitchen,Clearwater Home Goods,113,67.44,5.99,1.19,7,0,0,181,553,2026-08-26
SKU-00357,Premium Brake Pads 841,Automotive Parts,Redline Auto Parts Ltd.,146,65.17,7.32,1.86,25,1,263,201,621,2026-08-28
SKU-00358,Classic Fit Jacket 529,Apparel,Evergreen Consumer Goods,46,19.14,15.2,3.98,18,2,272,431,1264,2026-08-30
SKU-00359,Smart Cable 135,Electronics,Apex Electronics Group,289,320.26,15.37,14.61,24,0,0,493,1446,2026-08-28
SKU-00360,Smart Webcam 768,Electronics,TransGlobal Manufacturing,55,278.0,2.73,2.31,29,0,0,84,230,2026-08-09
SKU-00361,Retractable File Folders 723,Office Supplies,Delta Prime Wholesale,177,26.07,8.01,1.38,35,0,0,237,738,2026-08-31
SKU-00362,Roasted Granola 920,Grocery & Consumables,Evergreen Consumer Goods,151,1.34,8.69,3.91,12,2,204,282,856,2026-08-04
SKU-00363,Heavy-Duty File Folders 159,Office Supplies,Delta Prime Wholesale,292,5.51,33.86,17.27,10,1,515,1055,3274,2026-08-27
SKU-00364,Standard Paper Shredder 821,Office Supplies,Sterling Office Supply,2029,25.92,74.4,15.37,30,3,2455,2169,6642,2026-09-02
SKU-00365,Industrial-Grade Respirator Mask 281,Industrial Supplies,Ironclad Industrial Supply,29,16.23,2.52,0.59,13,2,60,72,217,2026-08-19
SKU-00366,Fleece Leggings 151,Apparel,Evergreen Consumer Goods,1422,18.12,32.69,31.24,41,1,1936,1158,3423,2026-09-04
SKU-00367,Plush Board Game 412,Toys & Games,Pacific Rim Sourcing,202,27.66,5.27,0.58,15,0,0,159,461,2026-07-28
SKU-00368,Smart Speaker 816,Electronics,Apex Electronics Group,142,597.51,3.26,0.96,20,0,0,95,278,2026-08-29
SKU-00369,Collectible Board Game 969,Toys & Games,Anchor Point Toys Inc.,82,24.1,1.98,1.6,25,3,85,61,189,2026-09-07
SKU-00370,Junior Camping Chair 143,Sporting Goods,Coastal Sports & Outdoor,49,14.15,2.97,0.6,19,0,0,88,267,2026-07-29
SKU-00371,Vitamin C Moisturizer 804,Health & Beauty,Evergreen Consumer Goods,209,23.41,38.55,12.47,11,1,734,1118,3367,2026-08-31
SKU-00372,Standard Respirator Mask 314,Industrial Supplies,Union Square Fabricators,78,58.19,38.94,30.9,14,2,558,1170,3449,2026-08-15
SKU-00373,Collectible RC Car 468,Toys & Games,BlueHarbor Trading,3,35.92,1.68,0.59,14,3,22,55,168,2026-08-12
SKU-00374,Thermal Polo 961,Apparel,Pacific Rim Sourcing,440,10.95,11.41,1.76,16,0,0,352,999,2026-09-06
SKU-00375,Industrial-Grade Zip Ties 494,Industrial Supplies,TransGlobal Manufacturing,1189,40.1,7.76,1.06,22,0,0,220,686,2026-06-23
SKU-00376,Fair Trade Sparkling Water 601,Grocery & Consumables,Golden Valley Foods,4572,2.9,114.82,95.07,10,1,973,3085,9977,2026-09-07
SKU-00377,Lightweight Shorts 744,Apparel,BlueHarbor Trading,5141,33.73,29.01,5.13,24,0,0,823,2595,2026-05-01
SKU-00378,Bulk Safety Goggles 807,Industrial Supplies,Ironclad Industrial Supply,6,62.48,2.85,1.43,12,1,26,83,273,2026-08-23
SKU-00379,Reinforced Resistance Bands 876,Sporting Goods,Coastal Sports & Outdoor,311,8.9,11.62,2.28,41,0,0,363,1103,2026-07-27
SKU-00380,SPF 30 Moisturizer 992,Health & Beauty,Evergreen Consumer Goods,703,42.16,7.0,3.27,8,0,0,188,532,2026-04-30
SKU-00381,Stainless Steel Knife Set 597,Home & Kitchen,Northgate Wholesale,986,48.27,58.12,33.39,8,0,0,1531,4643,2026-08-18
SKU-00382,Standard Pallet Wrap 453,Industrial Supplies,Union Square Fabricators,33,20.19,2.06,1.08,21,0,0,68,186,2026-07-25
SKU-00383,Educational RC Car 262,Toys & Games,BlueHarbor Trading,671,8.37,19.21,14.35,16,0,0,483,1537,2026-07-31
SKU-00384,OEM-Spec Spark Plugs 835,Automotive Parts,Ironclad Industrial Supply,17,119.83,0.98,0.13,15,0,0,28,83,2026-07-27
SKU-00385,Rapid Monitor 931,Electronics,TransGlobal Manufacturing,92,125.53,2.09,0.66,26,0,0,69,196,2026-08-12
SKU-00386,Anti-Aging Moisturizer 744,Health & Beauty,Vantage Health Products,4117,25.1,137.54,90.89,9,0,0,4071,13910,2026-08-17
SKU-00387,Ergonomic Binder Clips 227,Office Supplies,Delta Prime Wholesale,10788,10.54,35.48,15.35,42,0,0,957,3171,2026-05-25
SKU-00388,Interactive Building Blocks 760,Toys & Games,Anchor Point Toys Inc.,128,15.14,4.56,0.38,41,0,0,137,403,2026-08-27
SKU-00389,Smart Earbuds 986,Electronics,TransGlobal Manufacturing,1582,42.33,54.35,40.89,22,0,0,1066,4021,2026-08-15
SKU-00390,OEM-Spec Wiper Blades 306,Automotive Parts,Redline Auto Parts Ltd.,519,46.88,27.69,6.29,40,2,1068,860,2467,2026-08-04
SKU-00391,Stainless Steel Knife Set 243,Home & Kitchen,Northgate Wholesale,194,134.45,7.19,2.85,29,0,0,211,615,2026-07-31
SKU-00392,Unsweetened Rice 798,Grocery & Consumables,Delta Prime Wholesale,147,8.85,59.27,47.73,5,2,331,1829,5483,2026-09-07
SKU-00393,Premium Label Maker 770,Office Supplies,Sterling Office Supply,277,3.82,10.49,2.34,12,1,112,294,943,2026-09-08
SKU-00394,Replacement Cabin Filter 967,Automotive Parts,Union Square Fabricators,979,165.22,5.45,1.34,14,0,0,156,459,2026-06-22
SKU-00395,Heavy-Duty Pallet Wrap 812,Industrial Supplies,TransGlobal Manufacturing,67,109.72,2.8,0.28,18,0,0,82,254,2026-09-07
SKU-00396,Standard Spark Plugs 269,Automotive Parts,Redline Auto Parts Ltd.,75,57.94,1.88,0.35,11,2,29,54,169,2026-07-23
SKU-00397,Cotton Polo 463,Apparel,Pacific Rim Sourcing,5252,8.2,127.56,28.64,20,3,4327,3900,11967,2026-07-22
SKU-00398,Fair Trade Almond Butter 116,Grocery & Consumables,Evergreen Consumer Goods,2657,11.87,89.65,30.84,17,1,2805,2408,7627,2026-08-10
SKU-00399,Corrosion-Resistant Work Gloves 941,Industrial Supplies,Union Square Fabricators,631,268.91,35.36,3.32,25,0,0,1095,3400,2026-08-20
SKU-00400,Adjustable Paper Shredder 612,Office Supplies,Sterling Office Supply,1817,1.05,88.4,44.48,39,0,0,2588,7507,2026-08-04
SKU-00401,Slim Fit Leggings 826,Apparel,Evergreen Consumer Goods,48,51.26,14.07,2.9,5,1,70,431,1288,2026-09-06
SKU-00402,Portable Earbuds 979,Electronics,TransGlobal Manufacturing,280,162.13,18.48,4.08,21,0,0,531,1574,2026-08-29
SKU-00403,Insulated Mixing Bowl Set 618,Home & Kitchen,TransGlobal Manufacturing,3729,29.8,26.2,5.21,26,0,0,783,2263,2026-05-25
SKU-00404,Collectible Building Blocks 764,Toys & Games,Pacific Rim Sourcing,754,16.27,19.78,7.99,24,0,0,546,1758,2026-09-04
SKU-00405,Cotton Hoodie 970,Apparel,BlueHarbor Trading,542,29.26,18.23,10.02,28,0,0,573,1666,2026-08-14
SKU-00406,Replacement Serpentine Belt 402,Automotive Parts,Ironclad Industrial Supply,26,26.75,0.93,0.17,42,0,0,29,88,2026-06-18
SKU-00407,All-Terrain Dumbbell Set 697,Sporting Goods,Pacific Rim Sourcing,439,71.82,12.78,10.29,49,0,0,310,864,2026-08-21
SKU-00408,Dual-Band Cable 545,Electronics,Apex Electronics Group,4,134.64,3.31,1.56,45,3,257,95,268,2026-07-31
SKU-00409,Unisex Beanie 429,Apparel,Pacific Rim Sourcing,133,23.63,4.37,0.78,44,3,280,129,380,2026-07-20
SKU-00410,Glow-in-the-Dark Action Figure 537,Toys & Games,BlueHarbor Trading,628,10.54,17.94,15.06,17,0,0,577,1716,2026-09-01
SKU-00411,Heavy-Duty Brake Pads 260,Automotive Parts,Ironclad Industrial Supply,74,85.38,3.53,0.81,7,0,0,105,345,2026-08-10
SKU-00412,Deluxe Art Kit 987,Toys & Games,Anchor Point Toys Inc.,91,5.26,2.06,0.29,15,0,0,62,180,2026-07-18
SKU-00413,Dual-Band Mouse 772,Electronics,Apex Electronics Group,596,44.47,18.22,7.35,21,1,324,534,1679,2026-09-03
SKU-00414,Single Serve Sparkling Water 290,Grocery & Consumables,Delta Prime Wholesale,7793,7.37,212.4,39.78,5,1,1376,6371,19292,2026-08-26
SKU-00415,Plush RC Car 258,Toys & Games,Anchor Point Toys Inc.,14,58.65,6.03,0.85,9,3,75,178,543,2026-09-07
SKU-00416,Plush Puzzle (500pc) 335,Toys & Games,Pacific Rim Sourcing,880,20.87,4.81,2.59,47,0,0,110,350,2026-04-23
SKU-00417,Slim Fit Socks (3-Pack) 124,Apparel,Pacific Rim Sourcing,148,12.83,8.16,1.62,15,2,95,253,722,2026-08-20
SKU-00418,Women's Socks (3-Pack) 534,Apparel,Pacific Rim Sourcing,269,38.72,15.59,9.07,47,0,0,437,1329,2026-09-02
SKU-00419,Herbal Sunscreen 475,Health & Beauty,Vantage Health Products,912,24.22,53.95,46.14,23,2,2187,2366,5525,2026-07-25
SKU-00420,Anti-Slip Dumbbell Set 574,Sporting Goods,Coastal Sports & Outdoor,43,103.8,1.69,0.79,13,0,0,50,152,2026-08-11
SKU-00421,Fair Trade Granola 308,Grocery & Consumables,Evergreen Consumer Goods,89,3.11,30.31,16.16,13,2,411,1146,3240,2026-09-04
SKU-00422,Whole Grain Coffee 722,Grocery & Consumables,Evergreen Consumer Goods,331,5.59,15.23,4.57,9,0,0,412,1277,2026-07-20
SKU-00423,Dual-Band Cable 809,Electronics,Pacific Rim Sourcing,49,580.97,2.54,1.85,20,0,0,83,229,2026-09-03
SKU-00424,Quick-Dry Hiking Backpack 557,Sporting Goods,Pacific Rim Sourcing,1204,42.04,30.41,4.8,23,0,0,901,2730,2026-09-06
SKU-00425,Wide-Format Sticky Notes 455,Office Supplies,Delta Prime Wholesale,324,3.95,7.87,0.98,37,0,0,229,729,2026-07-19
SKU-00426,Deluxe Stuffed Animal 165,Toys & Games,BlueHarbor Trading,108,6.67,4.57,2.1,13,1,45,144,423,2026-07-25
SKU-00427,Synthetic Brake Pads 107,Automotive Parts,Union Square Fabricators,27,53.66,1.4,0.66,10,1,12,43,125,2026-09-02
SKU-00428,Men's Joggers 549,Apparel,Evergreen Consumer Goods,444,8.52,36.63,8.69,15,1,747,1053,3119,2026-08-28
SKU-00429,Herbal Face Mask 178,Health & Beauty,Vantage Health Products,1645,25.09,169.54,66.9,13,0,0,4639,13999,2026-08-30
SKU-00430,4K Speaker 993,Electronics,Apex Electronics Group,259,33.87,30.0,5.41,15,0,0,816,2574,2026-08-18
SKU-00431,Premium Floor Mats 317,Automotive Parts,Union Square Fabricators,48,238.71,3.16,1.97,23,0,0,80,227,2026-08-08
SKU-00432,Vitamin C Hand Cream 319,Health & Beauty,Meridian Distribution Co.,9,39.08,3.17,0.65,4,3,21,93,272,2026-09-07
SKU-00433,Collapsible Skillet 799,Home & Kitchen,Northgate Wholesale,215,12.42,9.9,1.9,14,0,0,290,874,2026-08-06
SKU-00434,Premium Desk Organizer 449,Office Supplies,Sterling Office Supply,7,31.1,4.1,0.41,3,1,20,125,377,2026-09-13
SKU-00435,Wooden Art Kit 151,Toys & Games,Pacific Rim Sourcing,242,9.04,89.6,17.68,17,2,2983,2698,7925,2026-08-28
SKU-00436,Fair Trade Coffee 635,Grocery & Consumables,Golden Valley Foods,2063,12.88,69.04,16.23,4,0,0,2067,5998,2026-08-12
SKU-00437,Cast Iron Cutting Board 301,Home & Kitchen,Clearwater Home Goods,15,75.48,5.64,1.27,5,3,44,174,546,2026-09-10
SKU-00438,Extra Virgin Protein Bars 850,Grocery & Consumables,Evergreen Consumer Goods,2833,3.09,158.72,13.67,7,0,0,4558,13500,2026-08-07
SKU-00439,Non-Stick Storage Bin 195,Home & Kitchen,Northgate Wholesale,84,40.32,2.12,0.5,8,0,0,64,196,2026-08-26
SKU-00440,Roasted Olive Oil 421,Grocery & Consumables,Delta Prime Wholesale,54,10.96,17.21,1.89,5,0,0,524,1544,2026-09-11
SKU-00441,USB-C Keyboard 777,Electronics,Summit Logistics Partners,502,18.7,23.06,3.98,8,2,303,675,2095,2026-08-13
SKU-00442,Vitamin C Hand Cream 120,Health & Beauty,Evergreen Consumer Goods,554,29.66,22.91,5.18,10,0,0,685,2039,2026-08-18
SKU-00443,Wooden Card Game 901,Toys & Games,Pacific Rim Sourcing,690,8.58,17.76,3.22,12,0,0,522,1595,2026-09-05
SKU-00444,Synthetic Air Filter 166,Automotive Parts,Union Square Fabricators,267,225.87,6.92,0.89,17,0,0,204,632,2026-08-23
SKU-00445,Men's Shorts 836,Apparel,BlueHarbor Trading,3484,11.68,118.91,20.61,29,0,0,3475,10595,2026-09-01
SKU-00446,USB-C Webcam 317,Electronics,Pacific Rim Sourcing,1063,90.56,34.3,8.44,15,0,0,960,2961,2026-09-04
SKU-00447,Wide-Format Sticky Notes 402,Office Supplies,Delta Prime Wholesale,445,11.54,12.97,6.0,37,0,0,389,1133,2026-07-10
SKU-00448,Ceramic Serpentine Belt 556,Automotive Parts,Union Square Fabricators,44,37.35,1.8,1.28,9,2,20,53,164,2026-08-14
SKU-00449,Bluetooth Speaker 607,Electronics,TransGlobal Manufacturing,356,20.53,11.77,7.49,26,1,291,379,1015,2026-07-21
SKU-00450,Standard Pallet Wrap 597,Industrial Supplies,Ironclad Industrial Supply,1543,36.33,36.07,10.86,13,2,867,974,2942,2026-08-05
SKU-00451,Glow-in-the-Dark Card Game 892,Toys & Games,Pacific Rim Sourcing,234,6.69,6.6,3.51,54,0,0,191,586,2026-06-04
SKU-00452,All-Weather Headlight Bulb 523,Automotive Parts,Redline Auto Parts Ltd.,1363,100.76,8.48,2.07,37,3,524,251,766,2026-04-21
SKU-00453,Adjustable Mixing Bowl Set 535,Home & Kitchen,TransGlobal Manufacturing,67,102.74,2.18,0.92,21,0,0,63,183,2026-08-23
SKU-00454,Collapsible Cutting Board 720,Home & Kitchen,TransGlobal Manufacturing,1173,47.75,2.75,1.28,50,0,0,75,227,2026-05-06
SKU-00455,OEM-Spec Oil Filter 546,Automotive Parts,Union Square Fabricators,92,111.7,4.78,3.02,13,1,106,145,424,2026-07-21
SKU-00456,Bulk Cable Ties 685,Industrial Supplies,TransGlobal Manufacturing,61,38.72,1.49,1.6,20,1,57,27,110,2026-08-11
SKU-00457,Retractable Pens (Box of 12) 380,Office Supplies,Sterling Office Supply,307,1.32,16.42,4.55,3,0,0,477,1392,2026-07-24
SKU-00458,Synthetic Air Filter 673,Automotive Parts,Redline Auto Parts Ltd.,507,77.28,23.2,10.92,39,3,1265,609,1898,2026-06-15
SKU-00459,Premium Brake Pads 473,Automotive Parts,Redline Auto Parts Ltd.,350,115.05,9.03,9.42,9,0,0,368,941,2026-07-31
SKU-00460,Ergonomic Stapler 604,Office Supplies,Sterling Office Supply,1289,4.17,6.28,0.62,41,0,0,190,591,2026-07-13
SKU-00461,Fleece Beanie 465,Apparel,BlueHarbor Trading,86,45.36,4.87,4.45,24,0,0,175,468,2026-08-21
SKU-00462,Bluetooth Keyboard 297,Electronics,Pacific Rim Sourcing,103,540.53,8.26,1.09,18,0,0,246,717,2026-08-12
SKU-00463,Lightweight Hiking Backpack 556,Sporting Goods,Pacific Rim Sourcing,203,81.85,13.44,11.17,20,0,0,357,1024,2026-08-02
SKU-00464,Premium Stapler 723,Office Supplies,Sterling Office Supply,419,1.0,11.41,5.24,37,0,0,363,1103,2026-09-05
SKU-00465,Ergonomic Desk Organizer 517,Office Supplies,Sterling Office Supply,2022,18.23,74.81,9.48,5,0,0,2192,6340,2026-09-08
SKU-00466,Remote Control Card Game 403,Toys & Games,Anchor Point Toys Inc.,234,11.44,5.54,1.46,9,0,0,172,520,2026-08-03
SKU-00467,Organic Tea Bags 322,Grocery & Consumables,Golden Valley Foods,7886,2.96,270.13,60.04,13,0,0,7581,22983,2026-07-29
SKU-00468,Adjustable Whiteboard 726,Office Supplies,Meridian Distribution Co.,1202,25.59,6.75,2.4,3,0,0,219,645,2026-06-16
SKU-00469,Ceramic Oil Filter 397,Automotive Parts,Union Square Fabricators,12,235.62,3.31,1.32,8,0,0,99,299,2026-08-30
SKU-00470,Unsweetened Pasta 624,Grocery & Consumables,Delta Prime Wholesale,637,17.35,34.1,14.39,6,0,0,963,2991,2026-09-01
SKU-00471,Portable Monitor 661,Electronics,Apex Electronics Group,145,647.8,4.71,4.79,15,2,104,101,388,2026-08-28
SKU-00472,Collectible Action Figure 449,Toys & Games,Anchor Point Toys Inc.,200,13.31,6.05,0.88,14,0,0,182,527,2026-08-23
SKU-00473,Fair Trade Sparkling Water 794,Grocery & Consumables,Golden Valley Foods,202,16.78,5.06,1.22,5,0,0,149,468,2026-08-13
SKU-00474,Thermal Shorts 307,Apparel,Pacific Rim Sourcing,235,39.28,6.63,2.97,49,1,333,216,620,2026-07-29
SKU-00475,Stainless Steel Skillet 152,Home & Kitchen,Northgate Wholesale,234,18.21,7.65,0.76,5,3,61,231,696,2026-08-07
SKU-00476,Junior Camping Chair 477,Sporting Goods,Coastal Sports & Outdoor,112,22.22,3.49,1.5,21,0,0,99,322,2026-08-16
SKU-00477,Premium Air Filter 456,Automotive Parts,Redline Auto Parts Ltd.,440,243.57,12.78,3.04,26,0,0,354,1045,2026-08-13
SKU-00478,OEM-Spec Oil Filter 712,Automotive Parts,Redline Auto Parts Ltd.,405,33.8,14.61,2.34,7,0,0,432,1241,2026-08-07
SKU-00479,Educational RC Car 200,Toys & Games,Pacific Rim Sourcing,79,39.66,3.76,1.63,22,1,157,109,327,2026-08-13
SKU-00480,Industrial-Grade Extension Cord 442,Industrial Supplies,Ironclad Industrial Supply,63,405.34,2.14,1.82,14,0,0,82,215,2026-07-29
SKU-00481,Women's Jacket 603,Apparel,BlueHarbor Trading,807,25.73,65.42,9.64,25,0,0,1987,5752,2026-08-10
SKU-00482,OEM-Spec Spark Plugs 520,Automotive Parts,Union Square Fabricators,176,28.17,6.29,5.44,14,3,173,191,576,2026-09-06
SKU-00483,Quick-Dry Camping Chair 680,Sporting Goods,Northgate Wholesale,629,19.03,14.45,4.17,5,0,0,434,1238,2026-07-23
SKU-00484,All-Weather Spark Plugs 309,Automotive Parts,Union Square Fabricators,403,109.25,12.39,1.76,7,2,67,358,1117,2026-07-29
SKU-00485,Portable Speaker 297,Electronics,TransGlobal Manufacturing,211,77.61,5.64,1.7,25,1,190,182,551,2026-07-23
SKU-00486,Cast Iron Water Bottle 908,Home & Kitchen,Northgate Wholesale,13,12.49,4.55,2.09,17,0,0,132,396,2026-08-18
SKU-00487,Advanced Body Wash 931,Health & Beauty,Evergreen Consumer Goods,533,11.89,17.19,3.63,12,0,0,489,1471,2026-08-28
SKU-00488,Men's T-Shirt 244,Apparel,Evergreen Consumer Goods,122,76.1,5.89,1.6,16,0,0,188,560,2026-08-17
SKU-00489,OEM-Spec Floor Mats 847,Automotive Parts,Union Square Fabricators,371,35.54,14.25,2.52,34,1,416,425,1326,2026-07-05
SKU-00490,Slim Fit Polo 557,Apparel,Evergreen Consumer Goods,1002,21.94,25.54,5.01,15,0,0,761,2278,2026-08-17
SKU-00491,Stainless Steel Skillet 868,Home & Kitchen,TransGlobal Manufacturing,379,37.07,8.81,4.58,25,0,0,290,764,2026-07-30
SKU-00492,Unisex Leggings 274,Apparel,Pacific Rim Sourcing,3566,68.16,15.65,6.66,37,0,0,442,1392,2026-06-02
SKU-00493,Corrosion-Resistant Pallet Wrap 722,Industrial Supplies,Union Square Fabricators,265,18.55,2.67,2.36,8,0,0,59,203,2026-06-05
SKU-00494,Classic Fit Shorts 727,Apparel,Evergreen Consumer Goods,199,59.96,9.07,2.23,7,0,0,253,799,2026-08-16
SKU-00495,Performance Hoodie 648,Apparel,Evergreen Consumer Goods,320,12.58,8.35,8.08,12,1,153,245,679,2026-08-24
SKU-00496,Adjustable Dumbbell Set 687,Sporting Goods,Coastal Sports & Outdoor,14,15.31,16.89,5.71,41,1,951,544,1592,2026-06-17
SKU-00497,Plush Model Kit 959,Toys & Games,BlueHarbor Trading,105,20.28,5.75,5.92,19,0,0,147,448,2026-08-07
SKU-00498,Daily Shampoo 861,Health & Beauty,Evergreen Consumer Goods,218,27.71,6.34,3.98,13,0,0,196,640,2026-07-26
SKU-00499,Impact-Resistant Hiking Backpack 834,Sporting Goods,Northgate Wholesale,5,61.35,2.26,0.38,5,1,22,69,200,2026-09-03
SKU-00500,Wireless Mouse 393,Electronics,TransGlobal Manufacturing,103,448.52,3.84,1.0,27,0,0,116,354,2026-08-19
SKU-00501,Standard Cabin Filter 809,Automotive Parts,Ironclad Industrial Supply,315,13.16,12.93,2.73,10,0,0,360,1096,2026-08-03
SKU-00502,Plush Art Kit 562,Toys & Games,Anchor Point Toys Inc.,68,45.85,4.05,4.3,19,1,82,102,269,2026-08-17
SKU-00503,Wooden Card Game 299,Toys & Games,BlueHarbor Trading,1706,11.1,57.73,24.57,27,0,0,1745,5360,2026-08-07
SKU-00504,Bluetooth Cable 324,Electronics,TransGlobal Manufacturing,166,625.65,5.41,1.11,14,0,0,158,491,2026-09-01
SKU-00505,Cast Iron Cutting Board 273,Home & Kitchen,Northgate Wholesale,641,150.45,27.0,16.36,5,0,0,859,2612,2026-08-27
SKU-00506,Reusable Dish Rack 449,Home & Kitchen,Northgate Wholesale,88,51.96,3.43,0.68,3,0,0,94,297,2026-09-03
SKU-00507,Extra Virgin Sparkling Water 770,Grocery & Consumables,Golden Valley Foods,524,6.53,14.74,6.01,5,0,0,437,1275,2026-09-04
SKU-00508,Classic Fit Hoodie 739,Apparel,Evergreen Consumer Goods,4698,8.4,129.78,62.64,13,2,2333,4063,11869,2026-08-16
SKU-00509,Synthetic Oil Filter 645,Automotive Parts,Redline Auto Parts Ltd.,1891,135.36,49.94,6.31,20,0,0,1532,4574,2026-08-28
SKU-00510,Compact Notebook 294,Office Supplies,Meridian Distribution Co.,3581,1.22,112.28,60.85,10,1,1538,3175,9853,2026-08-22
SKU-00511,Single Serve Granola 313,Grocery & Consumables,Delta Prime Wholesale,1634,9.19,17.2,17.93,5,0,0,823,2059,2026-06-14
SKU-00512,All-Terrain Bike Helmet 964,Sporting Goods,Coastal Sports & Outdoor,88,21.56,3.94,0.33,10,2,31,117,346,2026-07-28
SKU-00513,Advanced Moisturizer 738,Health & Beauty,Meridian Distribution Co.,2112,16.98,35.12,15.65,7,0,0,1136,3315,2026-05-18
SKU-00514,Compact Notebook 656,Office Supplies,Meridian Distribution Co.,23,8.36,9.02,2.1,4,1,62,276,840,2026-09-08
SKU-00515,Corrosion-Resistant Hard Hat 192,Industrial Supplies,Union Square Fabricators,160,331.78,7.51,2.9,48,0,0,245,750,2026-07-21
SKU-00516,SPF 30 Body Wash 780,Health & Beauty,Meridian Distribution Co.,2038,43.96,46.43,11.19,30,0,0,1454,4145,2026-08-11
SKU-00517,Sulfate-Free Body Wash 609,Health & Beauty,Vantage Health Products,742,17.33,26.01,22.19,43,3,1582,836,2525,2026-08-09
SKU-00518,Noise-Cancelling Power Bank 406,Electronics,Pacific Rim Sourcing,599,29.69,19.52,13.12,38,0,0,573,1966,2026-08-04
SKU-00519,Family Size Coffee 844,Grocery & Consumables,Evergreen Consumer Goods,2446,2.75,65.64,11.31,17,1,1740,1948,6019,2026-08-22
SKU-00520,Reinforced Water Bottle 608,Sporting Goods,Coastal Sports & Outdoor,128,135.13,3.61,0.47,44,0,0,108,321,2026-07-21
SKU-00521,Daily Hand Cream 597,Health & Beauty,Meridian Distribution Co.,93,24.08,3.02,1.5,12,0,0,90,272,2026-07-22
SKU-00522,Performance Polo 509,Apparel,Pacific Rim Sourcing,764,27.63,39.79,21.46,21,1,891,1147,3487,2026-08-25
SKU-00523,Bamboo Knife Set 883,Home & Kitchen,Clearwater Home Goods,466,31.56,14.43,6.81,6,2,89,412,1184,2026-08-21
SKU-00524,Thermal Leggings 487,Apparel,BlueHarbor Trading,102,19.03,5.83,1.42,16,0,0,168,542,2026-08-27
SKU-00525,Hydrating Multivitamin 989,Health & Beauty,Meridian Distribution Co.,42,5.27,8.91,1.18,7,2,100,264,818,2026-09-05
SKU-00526,Wide-Format Paper Shredder 366,Office Supplies,Sterling Office Supply,290,12.93,14.36,11.31,5,0,0,386,1124,2026-08-16
SKU-00527,Portable Earbuds 425,Electronics,Summit Logistics Partners,557,71.76,15.88,4.48,12,0,0,492,1449,2026-08-10
SKU-00528,Adjustable Mixing Bowl Set 242,Home & Kitchen,TransGlobal Manufacturing,676,23.14,15.28,10.28,37,0,0,384,1249,2026-07-21
SKU-00529,Bulk Extension Cord 914,Industrial Supplies,TransGlobal Manufacturing,21,74.02,1.13,0.39,28,1,51,33,95,2026-09-01
SKU-00530,Whole Grain Olive Oil 307,Grocery & Consumables,Evergreen Consumer Goods,281,8.76,7.69,4.38,9,0,0,212,661,2026-07-21
SKU-00531,Plush Stuffed Animal 845,Toys & Games,BlueHarbor Trading,660,51.5,21.81,4.67,19,0,0,669,2053,2026-08-02
SKU-00532,Compact Hub 639,Electronics,Apex Electronics Group,9,40.67,1.58,0.29,12,1,17,48,150,2026-08-23
SKU-00533,Premium Desk Organizer 682,Office Supplies,Sterling Office Supply,206,10.23,10.11,6.53,3,1,51,234,736,2026-08-05
SKU-00534,Family Size Protein Bars 215,Grocery & Consumables,Delta Prime Wholesale,2034,5.94,66.25,47.82,4,0,0,2405,7090,2026-08-20
SKU-00535,Adjustable Mixing Bowl Set 791,Home & Kitchen,Northgate Wholesale,52,12.02,3.14,0.41,7,0,0,99,274,2026-07-31
SKU-00536,Premium Label Maker 494,Office Supplies,Sterling Office Supply,16,17.85,7.73,0.8,5,3,41,232,702,2026-09-07
SKU-00537,Retractable Stapler 801,Office Supplies,Meridian Distribution Co.,122,2.49,3.84,1.51,16,0,0,129,371,2026-08-11
SKU-00538,Rapid Earbuds 422,Electronics,Pacific Rim Sourcing,1172,134.72,69.44,18.39,32,0,0,2125,6539,2026-09-01
SKU-00539,Whole Grain Pasta 466,Grocery & Consumables,Evergreen Consumer Goods,4257,2.42,24.78,4.53,11,0,0,791,2263,2026-05-06
SKU-00540,Thermal Hoodie 696,Apparel,Pacific Rim Sourcing,420,23.19,9.59,9.12,23,0,0,282,799,2026-07-29
SKU-00541,Deluxe RC Car 333,Toys & Games,Anchor Point Toys Inc.,613,50.39,28.27,3.35,34,0,0,838,2463,2026-09-08
SKU-00542,Family Size Pasta 679,Grocery & Consumables,Delta Prime Wholesale,2207,2.63,50.32,25.56,9,0,0,1567,4295,2026-07-20
SKU-00543,Silicone Water Bottle 473,Home & Kitchen,Northgate Wholesale,199,12.37,8.01,0.97,5,1,56,242,735,2026-07-31
SKU-00544,Vitamin C Body Wash 482,Health & Beauty,Vantage Health Products,2310,49.96,54.12,8.18,9,2,868,1553,4580,2026-08-15
SKU-00545,Family Size Granola 375,Grocery & Consumables,Evergreen Consumer Goods,341,6.13,18.1,5.46,15,0,0,567,1647,2026-09-05
SKU-00546,Adjustable Camping Chair 213,Sporting Goods,Coastal Sports & Outdoor,43,57.86,2.23,0.42,12,0,0,66,196,2026-08-31
SKU-00547,Ceramic Cookie Sheet 402,Home & Kitchen,Northgate Wholesale,1030,35.11,23.22,8.79,7,0,0,777,2287,2026-08-09
SKU-00548,Heavy-Duty Oil Filter 942,Automotive Parts,Redline Auto Parts Ltd.,395,48.26,2.72,0.39,16,0,0,81,236,2026-05-13
SKU-00549,Sulfate-Free Hand Cream 833,Health & Beauty,Evergreen Consumer Goods,2961,46.47,37.45,22.77,6,0,0,1009,3009,2026-07-19
SKU-00550,Unsweetened Rice 234,Grocery & Consumables,Golden Valley Foods,290,4.42,12.57,4.41,4,3,63,392,1135,2026-09-07
SKU-00551,Standard Notebook 485,Office Supplies,Delta Prime Wholesale,354,7.91,8.43,9.09,5,2,58,196,607,2026-08-17
SKU-00552,All-Terrain Basketball 713,Sporting Goods,Northgate Wholesale,48,91.21,2.76,0.39,38,3,82,83,246,2026-08-31
SKU-00553,Precision Respirator Mask 796,Industrial Supplies,TransGlobal Manufacturing,312,119.9,2.15,0.22,19,0,0,64,200,2026-07-30
SKU-00554,Pro-Grade Jump Rope 253,Sporting Goods,Pacific Rim Sourcing,73,80.05,2.51,0.21,21,0,0,75,225,2026-07-24
SKU-00555,Classic Fit Polo 542,Apparel,BlueHarbor Trading,82,64.5,5.18,1.72,17,1,91,144,426,2026-08-16
SKU-00556,Dual-Band Earbuds 977,Electronics,Pacific Rim Sourcing,1400,19.04,83.4,17.9,34,0,0,2524,7614,2026-09-03
SKU-00557,Lightweight Resistance Bands 548,Sporting Goods,Coastal Sports & Outdoor,145,13.78,4.04,0.88,15,0,0,121,384,2026-08-21
SKU-00558,Ceramic Dish Rack 444,Home & Kitchen,Clearwater Home Goods,161,118.38,4.91,0.49,36,0,0,151,475,2026-08-11
SKU-00559,Unsweetened Sparkling Water 270,Grocery & Consumables,Golden Valley Foods,1088,1.56,11.02,1.74,5,0,0,343,1026,2026-07-25
SKU-00560,Advanced Moisturizer 130,Health & Beauty,Evergreen Consumer Goods,152,15.09,7.08,1.49,6,2,43,192,621,2026-08-17
SKU-00561,Classic Fit Windbreaker 791,Apparel,BlueHarbor Trading,54,18.97,4.92,0.71,22,0,0,141,445,2026-08-22
SKU-00562,Hydrating Sunscreen 673,Health & Beauty,Meridian Distribution Co.,285,9.41,14.72,1.19,4,0,0,444,1361,2026-09-01
SKU-00563,Foldable Basketball 905,Sporting Goods,Coastal Sports & Outdoor,105,25.14,2.98,1.35,39,0,0,80,256,2026-08-12
SKU-00564,Heavy-Duty Floor Mats 227,Automotive Parts,Redline Auto Parts Ltd.,948,61.16,34.93,7.39,43,0,0,1010,3181,2026-08-08
SKU-00565,Classic Fit Socks (3-Pack) 459,Apparel,BlueHarbor Trading,3570,15.3,142.58,21.63,21,0,0,4166,12156,2026-09-01
SKU-00566,Reusable Utensil Set 794,Home & Kitchen,Northgate Wholesale,120,31.41,3.43,1.26,35,0,0,96,299,2026-08-06
SKU-00567,Unsweetened Rice 528,Grocery & Consumables,Evergreen Consumer Goods,1592,1.87,9.07,4.84,12,0,0,281,807,2026-07-12
SKU-00568,Bluetooth Webcam 635,Electronics,Pacific Rim Sourcing,75,189.36,2.41,0.5,15,0,0,74,230,2026-07-27
SKU-00569,Precision Respirator Mask 804,Industrial Supplies,Union Square Fabricators,69,80.23,4.12,1.56,14,1,69,130,370,2026-07-26
SKU-00570,Reinforced Tent (4-Person) 518,Sporting Goods,Pacific Rim Sourcing,64,54.22,4.74,2.85,20,0,0,161,433,2026-08-07
SKU-00571,OEM-Spec Air Filter 871,Automotive Parts,Redline Auto Parts Ltd.,1804,42.36,52.61,15.02,46,0,0,1486,4520,2026-07-08
SKU-00572,Impact-Resistant Basketball 850,Sporting Goods,Pacific Rim Sourcing,294,159.44,9.19,5.83,21,0,0,364,927,2026-08-04
SKU-00573,Wide-Format Desk Organizer 411,Office Supplies,Meridian Distribution Co.,892,3.13,27.27,10.33,4,0,0,828,2628,2026-09-08
SKU-00574,Gentle Sunscreen 281,Health & Beauty,Vantage Health Products,569,8.1,34.83,4.13,8,0,0,1087,3160,2026-08-09
SKU-00575,Mini RC Car 674,Toys & Games,Anchor Point Toys Inc.,6371,5.11,72.68,25.2,11,0,0,2358,6928,2026-06-11
SKU-00576,Gluten-Free Granola 532,Grocery & Consumables,Evergreen Consumer Goods,224,9.1,10.7,4.93,8,0,0,297,928,2026-07-19
SKU-00577,Slim Fit Leggings 938,Apparel,Evergreen Consumer Goods,164,94.48,6.64,6.3,13,0,0,225,671,2026-08-05
SKU-00578,Rapid Power Bank 892,Electronics,TransGlobal Manufacturing,107,34.54,2.61,0.72,16,0,0,83,242,2026-07-22
SKU-00579,Recycled Whiteboard 114,Office Supplies,Sterling Office Supply,2620,32.37,129.18,24.29,11,3,1512,4215,12673,2026-08-20
SKU-00580,Family Size Granola 314,Grocery & Consumables,Delta Prime Wholesale,5131,2.52,32.76,13.55,6,0,0,1086,3372,2026-06-26
SKU-00581,Replacement Oil Filter 876,Automotive Parts,Union Square Fabricators,173,13.66,10.54,2.08,9,0,0,316,968,2026-08-08
SKU-00582,Thermal Polo 632,Apparel,Evergreen Consumer Goods,19,82.6,5.25,1.94,7,0,0,162,469,2026-08-31
SKU-00583,Precision Safety Goggles 424,Industrial Supplies,Ironclad Industrial Supply,909,35.18,24.95,13.36,22,0,0,672,2032,2026-07-27
SKU-00584,Silicone Mixing Bowl Set 645,Home & Kitchen,Clearwater Home Goods,1184,130.87,26.61,14.0,26,0,0,853,2612,2026-07-31
SKU-00585,Standard Respirator Mask 955,Industrial Supplies,TransGlobal Manufacturing,121,28.32,6.32,4.84,24,0,0,179,543,2026-07-23
SKU-00586,Ceramic Oil Filter 905,Automotive Parts,Ironclad Industrial Supply,4195,338.93,29.01,13.55,34,0,0,1024,2809,2026-06-08
SKU-00587,Collectible Model Kit 912,Toys & Games,Pacific Rim Sourcing,195,6.22,6.56,3.3,29,1,322,198,593,2026-08-26
SKU-00588,Retractable Binder Clips 950,Office Supplies,Sterling Office Supply,8,3.08,6.13,2.14,13,2,106,191,577,2026-08-31
SKU-00589,Herbal Body Wash 289,Health & Beauty,Meridian Distribution Co.,788,11.15,18.48,11.98,9,0,0,500,1657,2026-07-25
SKU-00590,Classic Fit Hoodie 229,Apparel,Evergreen Consumer Goods,142,55.39,3.18,2.46,16,1,53,99,284,2026-07-22
SKU-00591,Fleece T-Shirt 511,Apparel,BlueHarbor Trading,102,83.99,3.13,0.73,25,3,103,99,310,2026-08-22
SKU-00592,Men's Beanie 689,Apparel,Evergreen Consumer Goods,196,32.66,10.02,3.94,12,0,0,277,868,2026-07-25
SKU-00593,Adjustable Sticky Notes 735,Office Supplies,Meridian Distribution Co.,77,9.02,2.9,0.63,13,0,0,84,255,2026-08-02
SKU-00594,Universal Battery 226,Automotive Parts,Ironclad Industrial Supply,594,16.18,32.12,33.97,9,0,0,1062,3062,2026-08-02
SKU-00595,Non-Stick Food Container 284,Home & Kitchen,TransGlobal Manufacturing,6744,14.9,29.19,8.05,24,0,0,850,2528,2026-04-20
SKU-00596,Ergonomic Sticky Notes 452,Office Supplies,Sterling Office Supply,150,30.98,8.71,3.02,13,0,0,265,805,2026-08-13
SKU-00597,Ceramic Wiper Blades 334,Automotive Parts,Redline Auto Parts Ltd.,54,62.93,1.95,0.28,13,0,0,57,166,2026-08-07
SKU-00598,Insulated Mixing Bowl Set 727,Home & Kitchen,TransGlobal Manufacturing,36,12.27,3.45,0.29,20,1,58,100,293,2026-08-19
SKU-00599,All-Weather Battery 743,Automotive Parts,Ironclad Industrial Supply,98,23.36,14.4,7.91,9,1,227,413,1144,2026-08-26
SKU-00600,Collapsible Cookie Sheet 531,Home & Kitchen,Clearwater Home Goods,1577,85.3,94.44,19.83,7,0,0,2649,7872,2026-07-30
SKU-00601,Lightweight Resistance Bands 591,Sporting Goods,Coastal Sports & Outdoor,11130,156.71,62.64,10.6,14,0,0,1930,5774,2026-07-14
SKU-00602,Rapid Power Bank 163,Electronics,Summit Logistics Partners,493,24.08,3.6,3.95,11,0,0,110,332,2026-06-16
SKU-00603,Rapid Webcam 592,Electronics,Summit Logistics Partners,5,53.58,5.14,2.72,13,1,105,159,458,2026-09-02
SKU-00604,Collectible Board Game 468,Toys & Games,Anchor Point Toys Inc.,121,7.35,9.65,1.19,15,1,223,284,879,2026-08-24
SKU-00605,Portable Webcam 446,Electronics,Pacific Rim Sourcing,314,313.39,7.05,1.37,28,0,0,207,614,2026-08-01
SKU-00606,Extra Virgin Granola 737,Grocery & Consumables,Evergreen Consumer Goods,3975,8.07,23.23,15.62,5,0,0,696,2112,2026-04-27
SKU-00607,Anti-Slip Water Bottle 729,Sporting Goods,Pacific Rim Sourcing,504,199.02,16.43,7.43,23,0,0,469,1535,2026-08-12
SKU-00608,Slim Fit Socks (3-Pack) 176,Apparel,Pacific Rim Sourcing,1395,8.5,36.8,9.47,26,0,0,1161,3211,2026-08-15
SKU-00609,SPF 30 Moisturizer 448,Health & Beauty,Evergreen Consumer Goods,138,4.05,7.19,0.78,8,0,0,210,614,2026-08-16
SKU-00610,Standard Headlight Bulb 697,Automotive Parts,Ironclad Industrial Supply,84,70.94,2.67,0.23,22,0,0,80,242,2026-07-21
SKU-00611,SPF 30 Multivitamin 179,Health & Beauty,Evergreen Consumer Goods,162,5.71,8.23,1.58,39,0,0,250,723,2026-07-24
SKU-00612,Synthetic Floor Mats 700,Automotive Parts,Ironclad Industrial Supply,52,42.26,1.76,0.88,36,0,0,51,157,2026-08-20
SKU-00613,Fair Trade Trail Mix 135,Grocery & Consumables,Delta Prime Wholesale,222,11.97,11.47,1.73,8,1,133,347,1010,2026-08-25
SKU-00614,Classic Fit Beanie 238,Apparel,Pacific Rim Sourcing,497,7.64,27.54,2.64,28,0,0,850,2517,2026-07-28
SKU-00615,Silicone Water Bottle 237,Home & Kitchen,Northgate Wholesale,189,14.36,6.78,2.17,7,0,0,192,576,2026-08-27
SKU-00616,Industrial-Grade Hard Hat 290,Industrial Supplies,TransGlobal Manufacturing,25,88.12,1.14,1.02,61,0,0,29,88,2026-08-29
SKU-00617,USB-C Monitor 110,Electronics,TransGlobal Manufacturing,1471,34.57,9.61,2.63,25,0,0,289,884,2026-06-22
SKU-00618,Ceramic Storage Bin 760,Home & Kitchen,Clearwater Home Goods,1608,85.91,15.32,6.21,6,0,0,419,1329,2026-05-23
SKU-00619,High-Performance Spark Plugs 684,Automotive Parts,Redline Auto Parts Ltd.,131,45.17,3.42,1.6,34,0,0,105,317,2026-07-20
SKU-00620,Compact Cable 593,Electronics,TransGlobal Manufacturing,287,18.17,18.11,5.5,23,0,0,528,1498,2026-07-23
SKU-00621,Standard Extension Cord 503,Industrial Supplies,Ironclad Industrial Supply,1261,35.69,40.23,3.99,12,0,0,1206,3477,2026-07-26
SKU-00622,Silicone Skillet 818,Home & Kitchen,Northgate Wholesale,390,37.96,10.92,4.92,7,0,0,293,878,2026-08-12
SKU-00623,Thermal Hoodie 304,Apparel,Evergreen Consumer Goods,1459,18.2,38.03,11.02,7,0,0,1141,3215,2026-09-02
SKU-00624,Fleece Joggers 249,Apparel,BlueHarbor Trading,130,10.88,4.45,1.16,23,0,0,135,409,2026-08-05
SKU-00625,Premium Floor Mats 828,Automotive Parts,Union Square Fabricators,386,84.7,40.49,26.28,13,0,0,998,3067,2026-08-22
SKU-00626,Organic Sparkling Water 441,Grocery & Consumables,Delta Prime Wholesale,287,1.95,7.94,7.58,18,0,0,243,710,2026-07-25
SKU-00627,Insulated Water Bottle 103,Home & Kitchen,Clearwater Home Goods,1056,16.67,50.12,9.99,32,0,0,1496,4367,2026-08-10
SKU-00628,Mini Action Figure 353,Toys & Games,BlueHarbor Trading,245,7.48,21.52,1.76,19,2,794,640,1937,2026-08-22
SKU-00629,Roasted Tea Bags 361,Grocery & Consumables,Evergreen Consumer Goods,223,2.54,12.76,1.2,13,0,0,382,1189,2026-08-11
SKU-00630,SPF 30 Toothpaste 665,Health & Beauty,Vantage Health Products,274,13.06,10.86,1.62,6,0,0,335,969,2026-07-21
SKU-00631,Sulfate-Free Shampoo 142,Health & Beauty,Evergreen Consumer Goods,1275,8.35,47.14,7.49,9,0,0,1417,4055,2026-07-19
SKU-00632,Adjustable Stapler 521,Office Supplies,Meridian Distribution Co.,453,1.84,15.03,2.74,13,0,0,425,1258,2026-08-06
SKU-00633,Industrial-Grade Respirator Mask 820,Industrial Supplies,TransGlobal Manufacturing,103,123.31,2.43,1.31,22,1,54,74,229,2026-07-30
SKU-00634,Educational Play Tent 240,Toys & Games,Pacific Rim Sourcing,45,46.87,20.89,6.45,20,1,827,646,1989,2026-08-06
SKU-00635,Synthetic Floor Mats 394,Automotive Parts,Union Square Fabricators,1646,277.91,37.77,31.58,9,0,0,1357,3539,2026-09-03
SKU-00636,Mini Art Kit 108,Toys & Games,Pacific Rim Sourcing,736,39.9,17.59,2.87,19,2,331,508,1503,2026-08-17
SKU-00637,Non-Stick Dish Rack 783,Home & Kitchen,Clearwater Home Goods,3901,12.27,22.37,2.81,12,0,0,666,2104,2026-05-20
SKU-00638,Fair Trade Sparkling Water 299,Grocery & Consumables,Golden Valley Foods,12,7.5,10.8,5.59,9,1,153,329,979,2026-09-05
SKU-00639,Mini Play Tent 895,Toys & Games,Pacific Rim Sourcing,15,5.48,9.58,0.96,44,1,808,285,828,2026-07-21
SKU-00640,Vitamin C Face Mask 305,Health & Beauty,Evergreen Consumer Goods,377,26.69,9.46,1.63,14,2,125,278,853,2026-08-21
SKU-00641,Women's Beanie 532,Apparel,BlueHarbor Trading,2506,36.78,105.05,66.59,32,1,2627,2765,9034,2026-07-19
SKU-00642,Single Serve Granola 466,Grocery & Consumables,Golden Valley Foods,497,6.81,11.08,2.11,13,0,0,350,1076,2026-07-20
SKU-00643,Anti-Slip Bike Helmet 742,Sporting Goods,Northgate Wholesale,201,149.16,7.4,0.85,32,0,0,221,683,2026-07-22
SKU-00644,Extra Virgin Trail Mix 604,Grocery & Consumables,Golden Valley Foods,453,14.64,16.29,5.22,9,0,0,470,1494,2026-08-15
SKU-00645,Whole Grain Granola 196,Grocery & Consumables,Evergreen Consumer Goods,223,2.57,13.48,3.92,6,0,0,422,1198,2026-09-08
SKU-00646,Cotton Shorts 569,Apparel,Pacific Rim Sourcing,711,45.72,30.78,12.35,43,0,0,957,2878,2026-09-01
SKU-00647,Unsweetened Protein Bars 102,Grocery & Consumables,Golden Valley Foods,50,1.75,57.61,13.17,3,2,288,1724,5365,2026-09-08
SKU-00648,Advanced Body Wash 952,Health & Beauty,Vantage Health Products,257,7.03,37.28,34.1,6,3,222,1252,3873,2026-09-08
SKU-00649,Interactive Art Kit 677,Toys & Games,Pacific Rim Sourcing,59,28.31,87.45,19.95,21,3,1670,2634,7839,2026-07-27
SKU-00650,Unisex Shorts 550,Apparel,Pacific Rim Sourcing,4331,94.09,111.3,41.56,17,2,3100,3262,9730,2026-07-19
SKU-00651,Hydrating Moisturizer 321,Health & Beauty,Meridian Distribution Co.,11150,45.19,125.38,32.78,4,0,0,3915,11680,2026-05-01
SKU-00652,Rapid Mouse 484,Electronics,Pacific Rim Sourcing,113,33.35,5.56,3.42,24,0,0,196,563,2026-08-23
SKU-00653,Whole Grain Sparkling Water 718,Grocery & Consumables,Evergreen Consumer Goods,2605,2.51,71.89,16.98,39,0,0,2281,7066,2026-08-25
SKU-00654,USB-C Mouse 869,Electronics,Apex Electronics Group,1224,47.44,63.01,30.69,13,0,0,1648,5462,2026-07-30
SKU-00655,Collectible Action Figure 381,Toys & Games,Pacific Rim Sourcing,92,5.3,4.16,0.53,28,2,168,124,389,2026-07-11
SKU-00656,Hydrating Shampoo 283,Health & Beauty,Evergreen Consumer Goods,10,47.41,3.69,0.69,4,0,0,114,343,2026-09-06
SKU-00657,4K Webcam 416,Electronics,Pacific Rim Sourcing,290,278.08,12.61,2.46,42,0,0,388,1147,2026-08-26
SKU-00658,Adjustable Water Bottle 449,Home & Kitchen,Northgate Wholesale,511,13.25,12.67,5.2,6,3,132,374,1090,2026-07-30
SKU-00659,Anti-Aging Multivitamin 757,Health & Beauty,Meridian Distribution Co.,299,16.38,18.67,1.67,4,3,103,558,1755,2026-09-01
SKU-00660,Daily Body Wash 294,Health & Beauty,Vantage Health Products,3018,3.77,140.06,60.57,14,0,0,4078,11797,2026-08-17
SKU-00661,Ergonomic Binder Clips 250,Office Supplies,Meridian Distribution Co.,1078,4.24,36.57,5.13,14,0,0,1101,3357,2026-08-09
SKU-00662,Foldable Basketball 482,Sporting Goods,Northgate Wholesale,94,98.54,2.64,2.11,33,0,0,81,227,2026-08-19
SKU-00663,Non-Stick Utensil Set 773,Home & Kitchen,Clearwater Home Goods,146,55.57,2.41,1.47,9,0,0,63,199,2026-07-19
SKU-00664,Heavy-Duty Paper Shredder 726,Office Supplies,Meridian Distribution Co.,302,34.64,6.88,0.66,42,0,0,201,582,2026-08-06
SKU-00665,Dual-Band Cable 411,Electronics,TransGlobal Manufacturing,142,30.78,5.24,0.55,18,0,0,152,442,2026-08-23
SKU-00666,Compact Power Bank 631,Electronics,Summit Logistics Partners,245,565.57,12.65,1.02,8,0,0,378,1147,2026-08-27
SKU-00667,Fleece Leggings 116,Apparel,BlueHarbor Trading,4777,51.98,129.58,142.09,13,0,0,3425,11392,2026-09-02
SKU-00668,Standard Notebook 844,Office Supplies,Delta Prime Wholesale,283,3.8,7.37,1.21,6,0,0,218,623,2026-09-07
SKU-00669,Standard Air Filter 106,Automotive Parts,Redline Auto Parts Ltd.,48,40.46,2.91,1.48,13,2,33,87,248,2026-07-26
SKU-00670,Wooden Play Tent 437,Toys & Games,Pacific Rim Sourcing,1389,26.28,40.69,16.77,29,0,0,1170,3311,2026-09-02
SKU-00671,Mini RC Car 818,Toys & Games,Pacific Rim Sourcing,151,12.43,4.2,1.2,15,3,106,130,383,2026-08-18
SKU-00672,Organic Sparkling Water 966,Grocery & Consumables,Evergreen Consumer Goods,168,1.55,50.24,16.3,15,1,1401,1522,4653,2026-09-03
SKU-00673,Heavy-Duty File Folders 285,Office Supplies,Sterling Office Supply,2554,23.35,14.26,4.79,11,0,0,400,1183,2026-06-13
SKU-00674,Interactive Puzzle (500pc) 150,Toys & Games,Anchor Point Toys Inc.,1350,12.71,11.5,12.39,22,0,0,287,1002,2026-07-24
SKU-00675,Collectible Card Game 353,Toys & Games,BlueHarbor Trading,70,66.12,2.56,0.36,19,0,0,80,245,2026-09-08
SKU-00676,Collectible Action Figure 830,Toys & Games,Pacific Rim Sourcing,3611,15.16,14.79,15.39,24,0,0,508,1570,2026-04-25
SKU-00677,Premium Desk Organizer 649,Office Supplies,Meridian Distribution Co.,201,7.15,6.39,1.24,5,1,42,189,560,2026-08-10
SKU-00678,Ceramic Air Filter 686,Automotive Parts,Union Square Fabricators,1067,146.84,5.96,1.69,16,0,0,173,495,2026-04-27
SKU-00679,Organic Pasta 556,Grocery & Consumables,Delta Prime Wholesale,566,1.49,15.77,8.79,11,3,325,529,1383,2026-08-20
SKU-00680,Daily Moisturizer 578,Health & Beauty,Vantage Health Products,4986,5.34,29.83,13.12,7,0,0,861,2455,2026-04-24
SKU-00681,Collapsible Utensil Set 978,Home & Kitchen,Northgate Wholesale,845,22.78,20.07,6.89,5,0,0,544,1781,2026-08-09
SKU-00682,Foldable Bike Helmet 630,Sporting Goods,Pacific Rim Sourcing,66,70.11,1.9,0.16,22,0,0,57,171,2026-07-19
SKU-00683,Plush Puzzle (500pc) 657,Toys & Games,Anchor Point Toys Inc.,242,8.61,6.32,1.91,15,1,109,195,592,2026-08-22
SKU-00684,Fleece Beanie 136,Apparel,Pacific Rim Sourcing,406,10.32,2.88,0.61,22,0,0,82,261,2026-06-15
SKU-00685,Adjustable Desk Organizer 225,Office Supplies,Meridian Distribution Co.,2,4.25,3.21,1.64,12,1,70,107,285,2026-08-20
SKU-00686,Unisex Beanie 926,Apparel,Evergreen Consumer Goods,1431,46.13,9.9,4.65,37,0,0,277,806,2026-07-30
SKU-00687,All-Weather Air Filter 972,Automotive Parts,Redline Auto Parts Ltd.,114,42.61,24.39,3.62,12,0,0,736,2095,2026-08-18
SKU-00688,Daily Moisturizer 995,Health & Beauty,Meridian Distribution Co.,230,30.13,10.24,1.27,26,0,0,304,925,2026-08-13
SKU-00689,Standard Floor Mats 813,Automotive Parts,Ironclad Industrial Supply,65,219.55,12.42,1.22,11,1,164,371,1115,2026-08-25
SKU-00690,Heavy-Duty Stapler 539,Office Supplies,Meridian Distribution Co.,2273,1.94,103.1,10.28,9,0,0,3170,9633,2026-07-24
SKU-00691,Standard Hex Bolts (100pk) 343,Industrial Supplies,Union Square Fabricators,409,54.22,2.53,0.63,17,0,0,70,223,2026-06-17
SKU-00692,Glow-in-the-Dark Stuffed Animal 711,Toys & Games,BlueHarbor Trading,459,44.57,17.02,12.46,12,0,0,326,1244,2026-08-18
SKU-00693,Men's Windbreaker 942,Apparel,BlueHarbor Trading,995,69.12,52.26,19.55,40,0,0,1528,4539,2026-08-09
SKU-00694,Unsweetened Pasta 149,Grocery & Consumables,Golden Valley Foods,292,4.24,53.47,6.69,11,0,0,1564,4821,2026-08-24
SKU-00695,Standard Oil Filter 327,Automotive Parts,Redline Auto Parts Ltd.,41,87.12,2.13,0.95,44,0,0,60,177,2026-07-24
SKU-00696,Multi-Pack Label Maker 233,Office Supplies,Sterling Office Supply,218,7.31,9.54,6.23,7,0,0,258,777,2026-09-03
SKU-00697,Junior Camping Chair 656,Sporting Goods,Pacific Rim Sourcing,47,52.29,2.04,0.21,42,1,145,62,182,2026-07-07
SKU-00698,Hydrating Face Mask 367,Health & Beauty,Vantage Health Products,476,4.05,26.42,4.69,35,0,0,783,2290,2026-09-03
SKU-00699,Insulated Utensil Set 636,Home & Kitchen,Clearwater Home Goods,820,94.67,35.82,4.1,17,0,0,1098,3343,2026-09-03
SKU-00700,Impact-Resistant Dumbbell Set 237,Sporting Goods,Pacific Rim Sourcing,1039,11.02,61.79,15.28,16,0,0,1837,5370,2026-07-21
SKU-00701,Women's Polo 576,Apparel,Evergreen Consumer Goods,357,93.14,9.61,4.46,8,0,0,270,805,2026-09-01
SKU-00702,Lightweight Leggings 201,Apparel,Pacific Rim Sourcing,1021,7.13,43.6,40.3,29,0,0,1473,4756,2026-08-25
SKU-00703,Insulated Knife Set 674,Home & Kitchen,TransGlobal Manufacturing,241,43.06,7.02,1.13,53,2,496,211,600,2026-08-22
SKU-00704,Replacement Air Filter 408,Automotive Parts,Ironclad Industrial Supply,1723,96.0,39.1,10.39,13,0,0,1107,3433,2026-08-24
SKU-00705,Lightweight Hiking Backpack 312,Sporting Goods,Pacific Rim Sourcing,137,80.29,4.34,0.44,23,0,0,130,394,2026-07-18
SKU-00706,Vitamin C Moisturizer 652,Health & Beauty,Meridian Distribution Co.,3202,24.13,85.28,44.16,4,1,426,2761,8592,2026-07-25
SKU-00707,USB-C Earbuds 217,Electronics,TransGlobal Manufacturing,1478,254.94,51.41,15.14,28,0,0,1628,4770,2026-08-25
SKU-00708,Wireless Webcam 800,Electronics,Apex Electronics Group,158,35.01,5.79,0.94,38,0,0,164,501,2026-08-23
SKU-00709,Collapsible Storage Bin 933,Home & Kitchen,TransGlobal Manufacturing,168,58.54,5.64,1.29,18,0,0,176,516,2026-08-11
SKU-00710,Adjustable Dumbbell Set 288,Sporting Goods,Coastal Sports & Outdoor,870,8.78,57.56,20.01,12,0,0,1614,4987,2026-09-03
SKU-00711,Roasted Protein Bars 271,Grocery & Consumables,Evergreen Consumer Goods,872,2.61,7.11,5.27,22,0,0,244,763,2026-07-26
SKU-00712,Build-Your-Own Play Tent 584,Toys & Games,Pacific Rim Sourcing,270,8.51,19.15,4.72,20,1,539,565,1729,2026-08-22
SKU-00713,Gluten-Free Rice 189,Grocery & Consumables,Delta Prime Wholesale,6625,17.61,175.55,34.06,5,0,0,5021,15260,2026-07-28
SKU-00714,Foldable Tent (4-Person) 433,Sporting Goods,Pacific Rim Sourcing,589,183.67,14.44,2.49,27,0,0,466,1373,2026-08-31
SKU-00715,Daily Multivitamin 572,Health & Beauty,Evergreen Consumer Goods,420,40.01,3.65,1.23,17,0,0,106,314,2026-06-30
SKU-00716,Mini Board Game 658,Toys & Games,Anchor Point Toys Inc.,49,28.7,3.52,1.24,16,1,102,107,325,2026-08-29
SKU-00717,Premium Notebook 459,Office Supplies,Sterling Office Supply,257,42.63,7.59,1.92,38,0,0,239,689,2026-07-25
SKU-00718,Fragrance-Free Multivitamin 358,Health & Beauty,Vantage Health Products,1694,19.1,53.47,19.65,12,0,0,1513,4671,2026-09-07
SKU-00719,Men's Polo 377,Apparel,BlueHarbor Trading,316,32.27,10.5,6.3,45,0,0,326,981,2026-08-26
SKU-00720,Bluetooth Cable 132,Electronics,Summit Logistics Partners,116,53.57,5.31,3.2,34,3,232,163,479,2026-07-26
SKU-00721,Bamboo Cookie Sheet 962,Home & Kitchen,TransGlobal Manufacturing,67,27.43,4.53,0.75,35,0,0,138,420,2026-08-06
SKU-00722,Reinforced Tent (4-Person) 320,Sporting Goods,Northgate Wholesale,1371,40.85,45.34,14.99,10,0,0,1318,4239,2026-08-16
SKU-00723,Whole Grain Sparkling Water 849,Grocery & Consumables,Delta Prime Wholesale,276,1.58,6.6,1.21,6,0,0,200,594,2026-08-12
SKU-00724,Adjustable Sticky Notes 254,Office Supplies,Sterling Office Supply,15560,2.81,121.19,16.38,12,0,0,3818,11105,2026-05-20
SKU-00725,Galvanized Hard Hat 599,Industrial Supplies,Ironclad Industrial Supply,189,287.93,7.55,4.86,10,0,0,275,754,2026-08-05
SKU-00726,Foldable Jump Rope 148,Sporting Goods,Northgate Wholesale,748,178.27,41.41,15.94,11,0,0,1146,3201,2026-08-06
SKU-00727,Heavy-Duty Battery 594,Automotive Parts,Redline Auto Parts Ltd.,1100,290.59,44.46,36.85,14,0,0,1280,3818,2026-08-08
SKU-00728,Adjustable Water Bottle 597,Home & Kitchen,Northgate Wholesale,699,51.51,67.23,32.19,12,2,814,2185,6548,2026-09-05
SKU-00729,High-Performance Floor Mats 826,Automotive Parts,Ironclad Industrial Supply,1760,12.96,51.96,19.94,13,1,1141,1580,4970,2026-08-31
SKU-00730,Reusable Storage Bin 284,Home & Kitchen,Clearwater Home Goods,33,124.14,4.41,2.21,8,1,45,145,402,2026-09-07
SKU-00731,Noise-Cancelling Charger 334,Electronics,Summit Logistics Partners,2575,531.14,24.46,5.74,6,0,0,717,2180,2026-05-05
SKU-00732,Hydrating Hand Cream 398,Health & Beauty,Vantage Health Products,62,15.2,24.5,3.55,11,1,430,728,2168,2026-09-02
SKU-00733,Thermal Leggings 471,Apparel,BlueHarbor Trading,1198,89.62,43.62,19.2,47,0,0,1386,4318,2026-08-24
SKU-00734,Anti-Slip Basketball 837,Sporting Goods,Northgate Wholesale,1218,81.81,32.99,6.63,5,0,0,929,2921,2026-08-19
SKU-00735,Ceramic Knife Set 894,Home & Kitchen,TransGlobal Manufacturing,3066,51.63,83.55,87.86,43,0,0,2153,7358,2026-07-27
SKU-00736,Adjustable Stapler 992,Office Supplies,Meridian Distribution Co.,3401,35.4,22.68,2.0,24,0,0,671,2092,2026-07-20
SKU-00737,Industrial-Grade Safety Goggles 935,Industrial Supplies,Ironclad Industrial Supply,243,184.9,6.63,1.02,13,0,0,199,599,2026-08-13
SKU-00738,Performance Shorts 514,Apparel,BlueHarbor Trading,501,17.86,20.06,7.15,20,1,550,617,1867,2026-08-30
SKU-00739,Portable Power Bank 616,Electronics,Pacific Rim Sourcing,546,511.96,4.45,0.38,27,0,0,134,418,2026-04-19
SKU-00740,Wooden Board Game 346,Toys & Games,BlueHarbor Trading,60,8.99,3.55,3.31,15,0,0,149,404,2026-09-07
SKU-00741,Ceramic Spark Plugs 345,Automotive Parts,Union Square Fabricators,70,58.97,1.66,0.61,18,0,0,51,144,2026-07-25
SKU-00742,Roasted Tea Bags 589,Grocery & Consumables,Delta Prime Wholesale,402,8.06,11.73,2.13,7,0,0,358,1077,2026-08-09
SKU-00743,Plush Puzzle (500pc) 428,Toys & Games,BlueHarbor Trading,124,55.75,4.86,2.39,31,0,0,134,400,2026-07-08
SKU-00744,Wide-Format Label Maker 233,Office Supplies,Delta Prime Wholesale,1356,10.77,35.37,16.29,19,0,0,975,3013,2026-08-25
SKU-00745,Recycled Sticky Notes 600,Office Supplies,Delta Prime Wholesale,152,2.38,5.93,2.46,37,1,207,180,520,2026-07-27
SKU-00746,Reinforced Cable Ties 763,Industrial Supplies,Ironclad Industrial Supply,352,242.97,14.4,14.19,20,0,0,463,1435,2026-08-08
SKU-00747,Mini Play Tent 970,Toys & Games,Pacific Rim Sourcing,766,34.1,25.04,7.12,32,3,869,783,2263,2026-08-22
SKU-00748,Performance Leggings 201,Apparel,BlueHarbor Trading,39,45.68,2.81,1.06,36,2,174,88,250,2026-07-27
SKU-00749,All-Terrain Basketball 450,Sporting Goods,Pacific Rim Sourcing,32,15.61,1.91,0.3,21,0,0,57,162,2026-08-27
SKU-00750,All-Weather Spark Plugs 648,Automotive Parts,Union Square Fabricators,85,84.58,2.01,0.51,12,0,0,64,193,2026-09-08
SKU-00751,All-Terrain Hiking Backpack 748,Sporting Goods,Northgate Wholesale,399,48.01,51.79,34.25,9,3,882,1813,5625,2026-08-27
SKU-00752,Wooden Play Tent 283,Toys & Games,BlueHarbor Trading,182,33.16,5.06,1.53,14,0,0,159,467,2026-08-31
SKU-00753,Premium Desk Organizer 190,Office Supplies,Meridian Distribution Co.,1493,3.64,20.92,10.77,5,0,0,636,1900,2026-05-25
SKU-00754,Collapsible Knife Set 433,Home & Kitchen,Northgate Wholesale,1499,36.96,50.83,27.77,5,0,0,1627,4575,2026-09-04
SKU-00755,Precision Shop Towels 747,Industrial Supplies,Ironclad Industrial Supply,2904,118.86,29.72,12.59,19,0,0,911,2694,2026-07-12
SKU-00756,Heavy-Duty File Folders 872,Office Supplies,Sterling Office Supply,69,1.14,2.86,1.77,6,0,0,98,270,2026-08-19
SKU-00757,4K Cable 449,Electronics,Pacific Rim Sourcing,944,18.73,5.49,1.35,14,0,0,165,493,2026-04-22
SKU-00758,Sparkling Sparkling Water 665,Grocery & Consumables,Golden Valley Foods,3161,1.54,18.74,3.32,4,0,0,562,1765,2026-04-26
SKU-00759,Whole Grain Pasta 251,Grocery & Consumables,Evergreen Consumer Goods,160,3.5,8.88,3.86,8,1,101,244,712,2026-08-18
SKU-00760,SPF 30 Face Mask 146,Health & Beauty,Meridian Distribution Co.,134,21.72,6.45,2.47,39,0,0,167,536,2026-09-02
SKU-00761,Daily Face Mask 414,Health & Beauty,Vantage Health Products,770,44.8,43.23,14.86,8,0,0,1402,4039,2026-09-04
SKU-00762,Universal Floor Mats 871,Automotive Parts,Union Square Fabricators,367,143.05,31.12,3.59,20,1,777,927,2883,2026-08-07
SKU-00763,Sparkling Rice 719,Grocery & Consumables,Delta Prime Wholesale,18969,10.25,72.56,19.11,36,0,0,2303,6846,2026-07-15
SKU-00764,Thermal Jacket 698,Apparel,Pacific Rim Sourcing,690,39.82,32.06,15.04,25,0,0,982,2803,2026-08-25
SKU-00765,Universal Spark Plugs 429,Automotive Parts,Union Square Fabricators,61,111.31,2.55,1.14,29,0,0,73,211,2026-08-22
SKU-00766,Galvanized Safety Goggles 489,Industrial Supplies,Ironclad Industrial Supply,1716,57.42,10.57,4.07,16,0,0,304,939,2026-05-22
SKU-00767,USB-C Webcam 833,Electronics,Pacific Rim Sourcing,349,55.01,7.77,3.73,31,2,455,236,693,2026-09-03
SKU-00768,Wide-Format Stapler 538,Office Supplies,Meridian Distribution Co.,4608,29.95,104.62,47.23,5,0,0,3144,10066,2026-08-06
SKU-00769,Corrosion-Resistant Pallet Wrap 361,Industrial Supplies,Union Square Fabricators,521,17.28,15.39,6.71,9,0,0,426,1328,2026-07-24
SKU-00770,Fragrance-Free Multivitamin 238,Health & Beauty,Vantage Health Products,841,5.55,3.67,1.56,27,0,0,124,348,2026-04-21
SKU-00771,Anti-Static Cable Ties 237,Industrial Supplies,Union Square Fabricators,6,95.04,1.88,0.49,20,1,60,54,156,2026-08-29
SKU-00772,Retractable Binder Clips 698,Office Supplies,Delta Prime Wholesale,210,7.15,9.1,5.0,37,0,0,267,817,2026-07-19
SKU-00773,Bamboo Water Bottle 316,Home & Kitchen,Northgate Wholesale,74,17.9,4.42,0.52,32,1,245,136,394,2026-08-04
SKU-00774,Gentle Shampoo 357,Health & Beauty,Vantage Health Products,2162,19.55,103.18,24.51,10,0,0,3047,8918,2026-08-12
SKU-00775,Build-Your-Own Card Game 915,Toys & Games,BlueHarbor Trading,1500,21.88,6.24,3.22,44,0,0,179,543,2026-07-02
SKU-00776,Reinforced Tent (4-Person) 140,Sporting Goods,Northgate Wholesale,2786,26.33,15.62,12.09,9,0,0,450,1278,2026-06-05
SKU-00777,Gluten-Free Sparkling Water 673,Grocery & Consumables,Delta Prime Wholesale,2907,1.14,70.17,34.7,21,0,0,2495,6912,2026-08-01
SKU-00778,Cotton Polo 748,Apparel,Pacific Rim Sourcing,286,8.96,10.17,1.31,24,0,0,307,942,2026-09-04
SKU-00779,Noise-Cancelling Cable 997,Electronics,Apex Electronics Group,21,63.1,2.63,1.17,19,0,0,78,234,2026-08-28
SKU-00780,Ceramic Cutting Board 513,Home & Kitchen,Clearwater Home Goods,664,16.15,19.49,3.09,41,0,0,573,1769,2026-07-29
SKU-00781,Educational Card Game 547,Toys & Games,BlueHarbor Trading,14,56.74,11.31,4.81,48,0,0,345,1009,2026-06-12
SKU-00782,Non-Stick Dish Rack 848,Home & Kitchen,Clearwater Home Goods,118,35.9,4.74,5.14,15,0,0,140,395,2026-08-11
SKU-00783,Advanced Shampoo 883,Health & Beauty,Meridian Distribution Co.,183,43.2,4.43,1.98,4,2,29,118,358,2026-08-07
SKU-00784,Rapid Speaker 905,Electronics,Apex Electronics Group,187,26.9,24.04,9.56,14,0,0,710,2154,2026-08-23
SKU-00785,Glow-in-the-Dark Stuffed Animal 807,Toys & Games,BlueHarbor Trading,1560,25.46,4.16,0.88,43,0,0,127,368,2026-07-04
SKU-00786,Herbal Face Mask 400,Health & Beauty,Evergreen Consumer Goods,1775,30.95,81.55,42.09,9,3,1288,2455,7456,2026-09-04
SKU-00787,Anti-Static Safety Goggles 790,Industrial Supplies,Union Square Fabricators,74,37.79,2.34,1.87,17,0,0,77,230,2026-08-09
SKU-00788,Adjustable Storage Bin 200,Home & Kitchen,TransGlobal Manufacturing,1081,31.25,6.46,3.34,27,0,0,191,589,2026-06-12
SKU-00789,Ergonomic Paper Shredder 989,Office Supplies,Sterling Office Supply,975,1.25,30.18,10.11,8,2,461,984,2886,2026-08-25
SKU-00790,Sulfate-Free Face Serum 275,Health & Beauty,Meridian Distribution Co.,1640,11.15,38.79,9.32,11,0,0,1199,3594,2026-07-30
SKU-00791,Noise-Cancelling Earbuds 188,Electronics,Summit Logistics Partners,754,87.49,22.98,3.5,14,0,0,700,2169,2026-08-12
SKU-00792,Sparkling Coffee 485,Grocery & Consumables,Golden Valley Foods,450,2.63,13.67,1.18,19,0,0,401,1184,2026-08-03
SKU-00793,Adjustable Pens (Box of 12) 868,Office Supplies,Delta Prime Wholesale,2033,10.27,103.93,12.08,23,2,3107,3010,9374,2026-09-08
SKU-00794,Extra Virgin Pasta 368,Grocery & Consumables,Evergreen Consumer Goods,1368,4.94,76.07,17.32,32,0,0,2169,7100,2026-09-08
SKU-00795,Collapsible Mixing Bowl Set 203,Home & Kitchen,TransGlobal Manufacturing,462,93.6,22.92,19.69,33,0,0,831,2605,2026-08-17
SKU-00796,Family Size Pasta 154,Grocery & Consumables,Evergreen Consumer Goods,185,1.38,5.38,2.32,15,0,0,167,499,2026-09-03
SKU-00797,Noise-Cancelling Mouse 706,Electronics,Pacific Rim Sourcing,124,77.51,4.26,0.63,18,0,0,127,370,2026-07-30
SKU-00798,Classic Fit T-Shirt 314,Apparel,BlueHarbor Trading,1348,8.02,33.78,5.4,45,2,1191,1025,2964,2026-08-12
SKU-00799,Heavy-Duty Respirator Mask 800,Industrial Supplies,TransGlobal Manufacturing,4,30.35,2.02,0.48,24,0,0,59,177,2026-08-10
SKU-00800,Extra Virgin Rice 196,Grocery & Consumables,Delta Prime Wholesale,315,2.55,63.37,47.71,9,1,1124,1899,5843,2026-08-31
SKU-00801,Compact Speaker 234,Electronics,TransGlobal Manufacturing,186,316.0,5.83,1.2,28,0,0,172,507,2026-08-07
SKU-00802,Stainless Steel Skillet 749,Home & Kitchen,Clearwater Home Goods,3388,145.52,80.08,40.71,17,2,1611,1978,6734,2026-07-30
SKU-00803,Family Size Granola 621,Grocery & Consumables,Golden Valley Foods,759,1.39,37.67,38.47,8,0,0,1200,4014,2026-07-20
SKU-00804,SPF 30 Lip Balm 811,Health & Beauty,Evergreen Consumer Goods,15058,7.28,148.11,31.64,8,0,0,4423,13728,2026-05-14
SKU-00805,Gluten-Free Tea Bags 833,Grocery & Consumables,Golden Valley Foods,218,7.73,34.66,13.51,12,0,0,1051,3060,2026-09-06
SKU-00806,High-Performance Brake Pads 680,Automotive Parts,Union Square Fabricators,50,174.29,2.0,2.0,14,0,0,65,201,2026-07-19
SKU-00807,Adjustable Knife Set 860,Home & Kitchen,Northgate Wholesale,477,42.38,20.07,10.19,7,0,0,673,2083,2026-08-11
SKU-00808,All-Terrain Resistance Bands 282,Sporting Goods,Coastal Sports & Outdoor,547,124.5,17.15,1.52,29,0,0,516,1496,2026-08-06
SKU-00809,Vitamin C Hand Cream 429,Health & Beauty,Meridian Distribution Co.,714,14.71,23.14,22.4,10,0,0,718,2137,2026-08-06
SKU-00810,All-Terrain Bike Helmet 600,Sporting Goods,Coastal Sports & Outdoor,59,190.95,3.76,3.32,8,0,0,111,292,2026-08-05
SKU-00811,Educational Play Tent 313,Toys & Games,Anchor Point Toys Inc.,413,17.03,24.36,7.6,37,0,0,739,2087,2026-08-16
SKU-00812,Bamboo Knife Set 215,Home & Kitchen,Northgate Wholesale,300,13.9,92.32,36.68,13,2,2093,2839,8359,2026-08-25
SKU-00813,Fragrance-Free Body Wash 706,Health & Beauty,Evergreen Consumer Goods,704,6.2,38.67,5.8,33,0,0,1191,3505,2026-07-20
SKU-00814,4K Monitor 951,Electronics,Pacific Rim Sourcing,200,20.42,5.91,5.97,19,2,119,170,549,2026-07-31
SKU-00815,Sparkling Olive Oil 556,Grocery & Consumables,Golden Valley Foods,1252,1.76,31.0,13.8,18,3,606,967,2909,2026-09-06
SKU-00816,Foldable Basketball 301,Sporting Goods,Coastal Sports & Outdoor,368,36.65,17.0,3.65,17,1,335,533,1473,2026-08-22
SKU-00817,4K Keyboard 633,Electronics,Summit Logistics Partners,3012,266.63,85.95,23.91,10,0,0,2425,7517,2026-07-25
SKU-00818,Mini Card Game 435,Toys & Games,Anchor Point Toys Inc.,142,9.4,4.72,4.35,12,2,88,135,423,2026-08-03
SKU-00819,Reinforced Extension Cord 395,Industrial Supplies,Union Square Fabricators,39,42.61,2.43,1.51,20,0,0,72,211,2026-08-04
SKU-00820,Insulated Food Container 758,Home & Kitchen,Clearwater Home Goods,1999,21.09,20.97,4.53,12,0,0,637,1973,2026-05-14
SKU-00821,Reinforced Camping Chair 880,Sporting Goods,Coastal Sports & Outdoor,174,13.61,5.88,1.18,11,0,0,178,524,2026-08-30
SKU-00822,Men's Polo 428,Apparel,Pacific Rim Sourcing,486,8.13,11.72,7.11,26,1,558,388,1192,2026-07-19
SKU-00823,Replacement Serpentine Belt 211,Automotive Parts,Union Square Fabricators,473,284.9,12.89,8.59,28,2,502,358,1146,2026-07-23
SKU-00824,OEM-Spec Battery 198,Automotive Parts,Union Square Fabricators,39,23.13,1.11,0.6,12,0,0,32,100,2026-07-26
SKU-00825,Hydrating Moisturizer 373,Health & Beauty,Evergreen Consumer Goods,151,37.3,24.56,11.57,7,0,0,749,2148,2026-09-06
SKU-00826,Interactive Play Tent 932,Toys & Games,Anchor Point Toys Inc.,96,11.48,3.01,0.84,36,3,165,95,285,2026-08-29
SKU-00827,Noise-Cancelling Keyboard 615,Electronics,Apex Electronics Group,170,38.12,5.91,2.45,19,0,0,155,491,2026-08-31
SKU-00828,Standard Serpentine Belt 244,Automotive Parts,Ironclad Industrial Supply,287,16.55,8.17,0.66,29,0,0,243,763,2026-08-03
SKU-00829,Replacement Floor Mats 826,Automotive Parts,Redline Auto Parts Ltd.,174,79.93,6.99,0.91,42,0,0,205,614,2026-09-07
SKU-00830,Performance Leggings 862,Apparel,Pacific Rim Sourcing,30274,12.85,150.15,33.21,33,0,0,4317,13070,2026-05-04
SKU-00831,Performance Jacket 293,Apparel,Evergreen Consumer Goods,334,77.54,9.37,6.52,41,0,0,305,859,2026-07-23
SKU-00832,Collectible Puzzle (500pc) 225,Toys & Games,Anchor Point Toys Inc.,22,7.35,6.33,1.28,23,1,111,200,574,2026-08-02
SKU-00833,Premium Sticky Notes 300,Office Supplies,Sterling Office Supply,3471,6.94,80.94,18.59,5,0,0,2448,7606,2026-08-28
SKU-00834,4K Monitor 414,Electronics,Apex Electronics Group,147,110.09,5.79,2.52,25,0,0,188,531,2026-08-14
SKU-00835,Bamboo Knife Set 393,Home & Kitchen,TransGlobal Manufacturing,192,65.03,6.59,0.66,42,0,0,196,573,2026-08-10
SKU-00836,Cast Iron Knife Set 148,Home & Kitchen,TransGlobal Manufacturing,358,104.67,2.11,0.48,19,0,0,61,181,2026-06-07
SKU-00837,Single Serve Tea Bags 483,Grocery & Consumables,Golden Valley Foods,834,2.39,25.1,7.89,29,0,0,790,2463,2026-07-23
SKU-00838,Fair Trade Rice 153,Grocery & Consumables,Evergreen Consumer Goods,911,13.31,166.09,21.71,8,0,0,4966,14771,2026-09-03
SKU-00839,Noise-Cancelling Charger 952,Electronics,Summit Logistics Partners,44,502.26,19.07,5.39,4,0,0,613,1936,2026-09-08
SKU-00840,Heavy-Duty Battery 774,Automotive Parts,Ironclad Industrial Supply,324,16.11,10.7,8.39,14,0,0,292,916,2026-07-20
SKU-00841,Whole Grain Coffee 911,Grocery & Consumables,Delta Prime Wholesale,138,9.41,6.34,1.07,8,0,0,184,551,2026-07-28
SKU-00842,High-Torque Zip Ties 597,Industrial Supplies,TransGlobal Manufacturing,78,48.9,2.43,2.27,20,0,0,83,235,2026-08-26
SKU-00843,Cotton Windbreaker 651,Apparel,BlueHarbor Trading,479,72.66,31.74,33.5,17,0,0,1202,3126,2026-07-20
SKU-00844,Bluetooth Mouse 775,Electronics,Summit Logistics Partners,104,111.51,2.89,3.16,18,1,80,110,321,2026-09-03
SKU-00845,Lightweight Resistance Bands 223,Sporting Goods,Northgate Wholesale,21,112.49,3.12,0.78,12,0,0,93,264,2026-08-23
SKU-00846,Insulated Knife Set 830,Home & Kitchen,Clearwater Home Goods,523,9.76,4.81,1.81,7,2,51,130,404,2026-05-15
SKU-00847,Quick-Dry Basketball 247,Sporting Goods,Pacific Rim Sourcing,149,21.97,4.41,1.64,21,0,0,137,421,2026-08-22
SKU-00848,Cotton Socks (3-Pack) 571,Apparel,Pacific Rim Sourcing,519,8.69,40.96,19.51,31,1,959,1359,3900,2026-07-08
SKU-00849,Non-Stick Cookie Sheet 550,Home & Kitchen,Clearwater Home Goods,697,94.43,20.98,2.28,9,1,302,653,1908,2026-07-30
SKU-00850,Standard Oil Filter 625,Automotive Parts,Redline Auto Parts Ltd.,104,246.9,2.63,1.71,21,3,78,68,221,2026-08-31
SKU-00851,Hydrating Body Wash 828,Health & Beauty,Vantage Health Products,57,3.14,38.36,18.02,35,0,0,1198,3654,2026-08-01
SKU-00852,Lightweight Jump Rope 706,Sporting Goods,Coastal Sports & Outdoor,212,13.63,11.46,5.57,11,0,0,352,954,2026-07-21
SKU-00853,4K Power Bank 844,Electronics,Summit Logistics Partners,71,172.59,7.91,1.44,15,0,0,237,747,2026-08-19
SKU-00854,OEM-Spec Brake Pads 198,Automotive Parts,Redline Auto Parts Ltd.,278,60.42,11.27,2.55,12,0,0,338,1071,2026-07-21
SKU-00855,Junior Basketball 474,Sporting Goods,Coastal Sports & Outdoor,54,47.78,1.81,0.83,11,0,0,62,177,2026-08-11
SKU-00856,Daily Multivitamin 601,Health & Beauty,Meridian Distribution Co.,460,5.06,30.61,14.03,28,1,711,851,2751,2026-07-21
SKU-00857,Heavy-Duty Wiper Blades 351,Automotive Parts,Redline Auto Parts Ltd.,100,43.6,2.28,0.83,13,3,47,74,218,2026-09-02
SKU-00858,Adjustable Paper Shredder 269,Office Supplies,Meridian Distribution Co.,39,43.26,6.58,0.97,16,0,0,187,550,2026-08-25
SKU-00859,Portable Webcam 805,Electronics,TransGlobal Manufacturing,83,232.02,5.5,1.32,18,0,0,171,476,2026-08-01
SKU-00860,Fragrance-Free Lip Balm 589,Health & Beauty,Evergreen Consumer Goods,1004,25.56,40.54,20.17,4,0,0,1132,3704,2026-09-04
SKU-00861,Anti-Static Zip Ties 532,Industrial Supplies,Union Square Fabricators,2,60.56,0.81,0.17,18,3,24,24,72,2026-08-29
SKU-00862,Quick-Dry Yoga Mat 403,Sporting Goods,Northgate Wholesale,104,177.7,3.37,1.9,12,0,0,101,326,2026-08-17
SKU-00863,Performance Windbreaker 148,Apparel,BlueHarbor Trading,764,14.24,17.34,4.31,48,0,0,516,1594,2026-07-30
SKU-00864,Stainless Steel Cutting Board 731,Home & Kitchen,Clearwater Home Goods,63,173.26,3.82,0.88,9,0,0,115,340,2026-07-22
SKU-00865,Silicone Water Bottle 841,Home & Kitchen,Clearwater Home Goods,195,65.95,7.01,1.34,43,0,0,208,646,2026-07-27
SKU-00866,Dual-Band Webcam 652,Electronics,TransGlobal Manufacturing,73,508.52,1.9,1.02,32,0,0,57,167,2026-08-30
SKU-00867,Heavy-Duty Stapler 357,Office Supplies,Sterling Office Supply,123,1.69,4.69,2.35,15,0,0,141,419,2026-07-21
SKU-00868,Recycled Paper Shredder 340,Office Supplies,Delta Prime Wholesale,344,11.55,9.25,2.48,6,1,85,274,858,2026-07-25
SKU-00869,Daily Toothpaste 715,Health & Beauty,Vantage Health Products,180,9.07,4.27,3.84,12,0,0,95,312,2026-08-01
SKU-00870,Fleece Polo 969,Apparel,BlueHarbor Trading,269,12.0,8.38,1.0,9,2,110,253,739,2026-08-28
SKU-00871,Women's Leggings 340,Apparel,Pacific Rim Sourcing,797,36.24,20.43,5.87,49,0,0,561,1868,2026-08-27
SKU-00872,Premium Brake Pads 653,Automotive Parts,Redline Auto Parts Ltd.,728,32.46,42.12,8.39,17,0,0,1262,3777,2026-09-07
SKU-00873,High-Torque Respirator Mask 398,Industrial Supplies,Ironclad Industrial Supply,81,35.93,4.46,0.91,33,0,0,140,398,2026-08-14
SKU-00874,Smart Mouse 959,Electronics,Summit Logistics Partners,886,61.22,20.23,7.77,13,0,0,578,1778,2026-08-27
SKU-00875,Bulk Respirator Mask 730,Industrial Supplies,Union Square Fabricators,1609,64.99,35.85,4.25,15,1,900,1077,3311,2026-07-20
SKU-00876,Cotton Windbreaker 612,Apparel,Pacific Rim Sourcing,2576,54.92,161.92,70.88,30,0,0,4592,13844,2026-08-11
SKU-00877,Industrial-Grade Respirator Mask 566,Industrial Supplies,Ironclad Industrial Supply,86,19.33,12.13,4.82,12,0,0,389,1150,2026-08-21
SKU-00878,Classic Fit Polo 685,Apparel,Evergreen Consumer Goods,1962,42.65,94.56,50.89,41,0,0,2940,8639,2026-08-20
SKU-00879,Industrial-Grade Work Gloves 952,Industrial Supplies,TransGlobal Manufacturing,422,25.98,39.47,13.2,14,1,655,1163,3634,2026-09-02
SKU-00880,Wireless Cable 287,Electronics,TransGlobal Manufacturing,4820,222.08,19.22,9.77,51,0,0,560,1623,2026-07-14
SKU-00881,Reinforced Hard Hat 629,Industrial Supplies,Ironclad Industrial Supply,126,55.65,3.77,0.56,46,0,0,111,334,2026-08-31
SKU-00882,Insulated Storage Bin 881,Home & Kitchen,Clearwater Home Goods,285,134.02,6.34,1.08,40,0,0,188,554,2026-07-28
SKU-00883,Mini Play Tent 514,Toys & Games,Anchor Point Toys Inc.,192,8.21,4.7,1.01,20,0,0,140,416,2026-08-29
SKU-00884,Portable Cable 738,Electronics,TransGlobal Manufacturing,369,409.12,10.09,3.04,56,3,565,316,882,2026-08-26
SKU-00885,USB-C Mouse 306,Electronics,TransGlobal Manufacturing,577,27.36,13.18,10.77,25,1,504,400,1227,2026-09-01
SKU-00886,Men's Polo 166,Apparel,Pacific Rim Sourcing,391,32.01,9.22,1.14,57,0,0,285,845,2026-08-03
SKU-00887,Organic Pasta 210,Grocery & Consumables,Delta Prime Wholesale,2788,14.4,64.16,25.07,3,3,321,1955,5764,2026-09-06
SKU-00888,Corrosion-Resistant Respirator Mask 636,Industrial Supplies,TransGlobal Manufacturing,307,102.1,8.34,2.72,17,0,0,236,733,2026-08-11
SKU-00889,Wide-Format Desk Organizer 389,Office Supplies,Meridian Distribution Co.,5595,11.23,40.01,38.22,10,0,0,1203,3778,2026-06-03
SKU-00890,All-Weather Battery 680,Automotive Parts,Redline Auto Parts Ltd.,84,188.51,2.07,0.79,15,2,40,68,205,2026-07-18
SKU-00891,SPF 30 Face Mask 497,Health & Beauty,Vantage Health Products,87,4.14,10.99,4.56,11,1,149,327,980,2026-08-22
SKU-00892,Anti-Static Respirator Mask 734,Industrial Supplies,Ironclad Industrial Supply,195,18.99,4.69,1.37,34,0,0,150,463,2026-09-06
SKU-00893,Wide-Format Label Maker 351,Office Supplies,Meridian Distribution Co.,1349,12.56,58.18,58.16,7,1,782,2638,6871,2026-08-03
SKU-00894,Organic Olive Oil 984,Grocery & Consumables,Golden Valley Foods,4332,10.33,144.31,23.1,12,0,0,4186,12620,2026-08-24
SKU-00895,Advanced Multivitamin 600,Health & Beauty,Vantage Health Products,7363,10.35,67.16,72.47,7,0,0,2448,7571,2026-06-08
SKU-00896,Retractable Label Maker 962,Office Supplies,Meridian Distribution Co.,23721,38.13,113.3,23.71,40,0,0,3247,10360,2026-05-25
SKU-00897,Lightweight Beanie 277,Apparel,BlueHarbor Trading,285,23.67,7.43,6.68,25,0,0,220,654,2026-08-22
SKU-00898,Whole Grain Olive Oil 901,Grocery & Consumables,Delta Prime Wholesale,175,4.25,6.25,1.07,13,0,0,187,566,2026-07-18
SKU-00899,Organic Coffee 930,Grocery & Consumables,Evergreen Consumer Goods,111,2.22,17.66,3.55,13,1,426,508,1544,2026-08-26
SKU-00900,Precision Work Gloves 995,Industrial Supplies,Ironclad Industrial Supply,166,79.53,6.86,0.87,31,1,240,205,626,2026-08-19
SKU-00901,4K Cable 336,Electronics,Pacific Rim Sourcing,1233,393.09,30.58,11.86,35,0,0,774,2595,2026-08-14
SKU-00902,Reusable Mixing Bowl Set 164,Home & Kitchen,TransGlobal Manufacturing,129,20.6,4.05,0.73,22,0,0,123,360,2026-08-24
SKU-00903,Interactive Board Game 586,Toys & Games,Anchor Point Toys Inc.,348,17.59,9.82,2.05,24,0,0,298,888,2026-09-01
SKU-00904,Standard Floor Mats 747,Automotive Parts,Ironclad Industrial Supply,48,91.85,2.2,1.02,22,0,0,77,209,2026-07-23
SKU-00905,Ergonomic Whiteboard 123,Office Supplies,Sterling Office Supply,24,33.06,5.89,2.14,5,1,29,167,515,2026-09-10
SKU-00906,Multi-Pack Whiteboard 528,Office Supplies,Sterling Office Supply,132,2.18,5.83,1.63,35,0,0,177,543,2026-09-01
SKU-00907,Premium Headlight Bulb 382,Automotive Parts,Redline Auto Parts Ltd.,120,152.53,2.77,3.03,10,0,0,84,228,2026-07-29
SKU-00908,Cast Iron Skillet 117,Home & Kitchen,TransGlobal Manufacturing,4151,26.84,93.25,46.36,42,0,0,2672,8024,2026-08-20
SKU-00909,Synthetic Floor Mats 141,Automotive Parts,Ironclad Industrial Supply,22,75.28,2.7,0.27,10,3,45,81,255,2026-08-31
SKU-00910,Fair Trade Protein Bars 354,Grocery & Consumables,Delta Prime Wholesale,6476,1.85,194.15,19.34,4,0,0,5772,17663,2026-08-11
SKU-00911,Wireless Mouse 609,Electronics,Pacific Rim Sourcing,346,32.19,21.47,12.53,42,0,0,613,1695,2026-08-31
SKU-00912,Reinforced Hiking Backpack 908,Sporting Goods,Pacific Rim Sourcing,75,21.08,1.79,0.27,51,0,0,57,173,2026-06-24
SKU-00913,Wide-Format Pens (Box of 12) 890,Office Supplies,Sterling Office Supply,125,6.17,4.05,1.77,36,0,0,108,337,2026-09-08
SKU-00914,Fleece T-Shirt 421,Apparel,BlueHarbor Trading,963,7.2,28.2,30.67,39,0,0,884,2870,2026-08-02
SKU-00915,Heavy-Duty Label Maker 496,Office Supplies,Sterling Office Supply,12,1.22,3.0,2.41,8,1,40,109,300,2026-08-27
SKU-00916,Family Size Trail Mix 822,Grocery & Consumables,Delta Prime Wholesale,5091,7.74,140.83,44.68,6,0,0,4086,12146,2026-08-27
SKU-00917,Adjustable Water Bottle 201,Sporting Goods,Pacific Rim Sourcing,30,63.59,1.59,0.86,12,0,0,41,126,2026-08-20
SKU-00918,Classic Fit Beanie 763,Apparel,Evergreen Consumer Goods,856,33.49,37.45,17.19,13,0,0,1084,3270,2026-09-03
SKU-00919,Pro-Grade Bike Helmet 113,Sporting Goods,Coastal Sports & Outdoor,10,13.51,5.1,1.48,8,3,56,162,494,2026-08-31
SKU-00920,Insulated Food Container 421,Home & Kitchen,Clearwater Home Goods,59,74.39,3.36,0.75,42,0,0,102,324,2026-08-18
SKU-00921,Plush Art Kit 347,Toys & Games,Anchor Point Toys Inc.,194,6.3,6.52,0.79,14,0,0,201,610,2026-07-20
SKU-00922,Wide-Format Whiteboard 200,Office Supplies,Sterling Office Supply,247,4.07,93.74,49.31,6,2,710,2775,8167,2026-09-03
SKU-00923,Advanced Face Serum 343,Health & Beauty,Meridian Distribution Co.,10,13.22,9.04,0.97,6,2,104,269,835,2026-09-07
SKU-00924,Premium Cabin Filter 190,Automotive Parts,Ironclad Industrial Supply,57,107.07,1.9,0.72,9,0,0,59,174,2026-08-11
SKU-00925,Galvanized Safety Goggles 880,Industrial Supplies,Ironclad Industrial Supply,61,37.56,2.17,0.31,10,0,0,65,189,2026-08-29
SKU-00926,Plush Art Kit 833,Toys & Games,Pacific Rim Sourcing,95,6.58,4.28,3.89,23,0,0,105,378,2026-07-31
SKU-00927,SPF 30 Face Mask 670,Health & Beauty,Evergreen Consumer Goods,820,3.73,32.43,19.67,9,0,0,898,2658,2026-08-07
SKU-00928,Anti-Aging Body Wash 327,Health & Beauty,Vantage Health Products,1256,13.84,28.07,14.19,18,2,647,909,2489,2026-09-01
SKU-00929,Advanced Body Wash 938,Health & Beauty,Meridian Distribution Co.,113,52.29,4.08,1.62,39,0,0,129,374,2026-08-15
SKU-00930,Dual-Band Keyboard 533,Electronics,Apex Electronics Group,3846,61.67,26.82,5.54,21,0,0,826,2464,2026-06-17
SKU-00931,Educational Puzzle (500pc) 541,Toys & Games,Anchor Point Toys Inc.,531,16.49,3.82,1.2,18,0,0,119,361,2026-04-25
SKU-00932,Pro-Grade Resistance Bands 431,Sporting Goods,Pacific Rim Sourcing,184,68.93,4.35,0.47,22,3,138,129,406,2026-08-02
SKU-00933,Wooden Card Game 723,Toys & Games,Anchor Point Toys Inc.,533,10.32,21.0,13.06,17,0,0,785,2231,2026-08-23
SKU-00934,Anti-Aging Hand Cream 369,Health & Beauty,Vantage Health Products,4627,20.26,148.06,94.82,6,1,1549,4042,12652,2026-08-19
SKU-00935,Fragrance-Free Hand Cream 786,Health & Beauty,Vantage Health Products,263,3.22,9.82,9.74,40,0,0,257,752,2026-09-05
SKU-00936,Herbal Toothpaste 732,Health & Beauty,Evergreen Consumer Goods,238,11.59,11.07,10.28,10,2,169,358,1126,2026-08-24
SKU-00937,Standard Notebook 630,Office Supplies,Meridian Distribution Co.,465,30.25,12.23,12.02,4,0,0,440,1345,2026-07-18
SKU-00938,Advanced Face Mask 490,Health & Beauty,Vantage Health Products,337,4.42,11.79,2.01,16,0,0,369,1084,2026-08-15
SKU-00939,Educational RC Car 154,Toys & Games,Pacific Rim Sourcing,150,36.61,3.79,2.64,27,0,0,97,290,2026-08-01
SKU-00940,Standard Battery 965,Automotive Parts,Union Square Fabricators,185,29.49,1.29,0.38,17,0,0,34,109,2026-05-04
SKU-00941,Anti-Aging Face Mask 166,Health & Beauty,Vantage Health Products,1925,5.74,46.7,24.84,18,0,0,1405,4182,2026-07-19
SKU-00942,Plush RC Car 668,Toys & Games,Pacific Rim Sourcing,103,7.28,2.47,0.97,45,0,0,72,217,2026-08-01
SKU-00943,Insulated Food Container 615,Home & Kitchen,Northgate Wholesale,886,45.09,5.91,1.45,14,0,0,193,548,2026-05-07
SKU-00944,Bluetooth Power Bank 238,Electronics,Apex Electronics Group,101,22.24,4.12,0.67,18,0,0,120,369,2026-08-03
SKU-00945,Junior Yoga Mat 261,Sporting Goods,Coastal Sports & Outdoor,40,97.77,1.92,0.34,7,0,0,58,181,2026-08-15
SKU-00946,Precision Zip Ties 367,Industrial Supplies,Ironclad Industrial Supply,160,18.19,4.57,1.12,12,0,0,139,412,2026-08-07
SKU-00947,Synthetic Brake Pads 456,Automotive Parts,Redline Auto Parts Ltd.,3175,18.19,15.55,8.14,29,0,0,536,1620,2026-05-14
SKU-00948,Standard Brake Pads 232,Automotive Parts,Redline Auto Parts Ltd.,10,19.5,11.98,9.58,18,0,0,333,1008,2026-08-20
SKU-00949,Heavy-Duty Extension Cord 956,Industrial Supplies,Ironclad Industrial Supply,255,151.2,5.73,2.26,15,1,151,160,500,2026-08-09
SKU-00950,Slim Fit Joggers 429,Apparel,Evergreen Consumer Goods,1476,14.76,46.95,14.13,16,1,1306,1448,4182,2026-07-27
SKU-00951,Wireless Speaker 418,Electronics,Apex Electronics Group,102,82.1,5.71,2.96,15,0,0,176,532,2026-08-01
SKU-00952,Stainless Steel Cutting Board 881,Home & Kitchen,TransGlobal Manufacturing,754,83.52,3.49,1.42,59,0,0,99,297,2026-05-02
SKU-00953,Plush RC Car 512,Toys & Games,Anchor Point Toys Inc.,309,20.06,79.89,7.28,12,0,0,2416,7199,2026-08-30
SKU-00954,Remote Control Action Figure 629,Toys & Games,Pacific Rim Sourcing,62,67.69,3.09,3.31,40,0,0,95,258,2026-09-03
SKU-00955,Pro-Grade Jump Rope 340,Sporting Goods,Coastal Sports & Outdoor,594,14.99,13.8,1.53,15,0,0,417,1199,2026-08-20
SKU-00956,Fragrance-Free Hand Cream 208,Health & Beauty,Vantage Health Products,632,38.08,14.33,6.29,9,0,0,432,1281,2026-07-28
SKU-00957,USB-C Monitor 147,Electronics,TransGlobal Manufacturing,119,236.19,4.65,1.33,23,0,0,136,433,2026-08-20
SKU-00958,4K Keyboard 645,Electronics,TransGlobal Manufacturing,703,259.37,22.37,5.79,48,2,949,621,1841,2026-07-28
SKU-00959,Precision Hex Bolts (100pk) 562,Industrial Supplies,Union Square Fabricators,59,36.21,1.43,0.91,12,1,16,33,110,2026-08-28
SKU-00960,Daily Moisturizer 904,Health & Beauty,Evergreen Consumer Goods,1245,3.82,10.32,2.1,8,0,0,311,960,2026-07-24
SKU-00961,Cast Iron Cookie Sheet 408,Home & Kitchen,Northgate Wholesale,271,18.5,13.19,12.43,23,0,0,446,1328,2026-07-26
SKU-00962,Cast Iron Cookie Sheet 564,Home & Kitchen,Northgate Wholesale,195,11.09,5.64,2.29,4,0,0,154,501,2026-08-23
SKU-00963,OEM-Spec Oil Filter 265,Automotive Parts,Redline Auto Parts Ltd.,1073,182.19,10.83,5.53,11,0,0,355,1093,2026-05-28
SKU-00964,Bamboo Knife Set 206,Home & Kitchen,Northgate Wholesale,2552,50.88,87.67,36.61,3,0,0,2723,8248,2026-08-05
SKU-00965,Synthetic Headlight Bulb 625,Automotive Parts,Redline Auto Parts Ltd.,151,41.6,7.45,4.21,26,0,0,246,666,2026-08-04
SKU-00966,Industrial-Grade Safety Goggles 575,Industrial Supplies,Ironclad Industrial Supply,28,121.41,1.19,1.31,6,1,9,43,124,2026-08-12
SKU-00967,Slim Fit T-Shirt 890,Apparel,Pacific Rim Sourcing,907,74.36,5.27,2.83,25,0,0,184,525,2026-05-18
SKU-00968,Single Serve Olive Oil 788,Grocery & Consumables,Golden Valley Foods,11,1.06,15.09,16.42,3,3,75,432,1359,2026-09-11
SKU-00969,Glow-in-the-Dark Model Kit 605,Toys & Games,Anchor Point Toys Inc.,807,44.62,6.21,2.73,10,0,0,207,622,2026-05-25
SKU-00970,Portable Monitor 230,Electronics,Pacific Rim Sourcing,7050,18.09,42.58,17.66,14,1,533,1429,4399,2026-05-12
SKU-00971,Men's Socks (3-Pack) 911,Apparel,BlueHarbor Trading,280,6.35,7.58,5.32,14,0,0,190,581,2026-07-28
SKU-00972,Premium Air Filter 963,Automotive Parts,Union Square Fabricators,151,61.02,3.41,0.74,7,0,0,97,296,2026-08-21
SKU-00973,Galvanized Cable Ties 125,Industrial Supplies,Union Square Fabricators,1244,103.37,41.83,10.51,21,1,1331,1371,4128,2026-08-26
SKU-00974,Classic Fit Beanie 936,Apparel,Pacific Rim Sourcing,177,44.98,8.66,2.1,26,2,327,258,790,2026-07-29
SKU-00975,Glow-in-the-Dark Card Game 121,Toys & Games,BlueHarbor Trading,7,52.22,6.25,1.01,14,3,157,190,552,2026-08-24
SKU-00976,Slim Fit Polo 231,Apparel,Pacific Rim Sourcing,74,67.43,3.14,2.14,21,0,0,84,232,2026-08-21
SKU-00977,OEM-Spec Brake Pads 787,Automotive Parts,Redline Auto Parts Ltd.,137,14.7,6.69,1.58,41,0,0,199,577,2026-07-29
SKU-00978,Precision Hard Hat 590,Industrial Supplies,TransGlobal Manufacturing,188,24.16,6.45,1.37,42,0,0,188,595,2026-07-31
SKU-00979,Compact Keyboard 576,Electronics,TransGlobal Manufacturing,58,76.1,1.82,0.2,33,0,0,55,165,2026-08-01
SKU-00980,Gentle Moisturizer 800,Health & Beauty,Meridian Distribution Co.,427,3.71,110.43,36.28,7,3,910,3685,10602,2026-09-02
SKU-00981,Mini Building Blocks 316,Toys & Games,Anchor Point Toys Inc.,1091,39.77,34.03,34.03,17,1,1031,901,2832,2026-08-15
SKU-00982,Silicone Cookie Sheet 658,Home & Kitchen,Clearwater Home Goods,3677,33.05,97.63,75.35,10,2,911,2753,8738,2026-07-30
SKU-00983,Fleece Beanie 269,Apparel,BlueHarbor Trading,185,26.43,8.89,2.14,12,0,0,260,795,2026-08-11
SKU-00984,Sparkling Olive Oil 506,Grocery & Consumables,Golden Valley Foods,752,2.85,10.56,3.0,4,0,0,321,914,2026-05-29
SKU-00985,Gluten-Free Sparkling Water 433,Grocery & Consumables,Golden Valley Foods,6005,2.06,183.85,53.34,12,0,0,5128,15783,2026-07-26
SKU-00986,Impact-Resistant Water Bottle 322,Sporting Goods,Coastal Sports & Outdoor,151,15.19,4.73,1.76,7,1,54,117,384,2026-08-14
SKU-00987,Smart Keyboard 774,Electronics,Apex Electronics Group,525,61.2,6.97,3.72,19,0,0,200,581,2026-05-05
SKU-00988,Corrosion-Resistant Safety Goggles 729,Industrial Supplies,Union Square Fabricators,18,59.32,3.33,0.57,11,0,0,102,310,2026-09-03
SKU-00989,Fair Trade Granola 444,Grocery & Consumables,Golden Valley Foods,747,7.09,18.78,8.69,5,2,176,518,1625,2026-07-18
SKU-00990,Gluten-Free Granola 524,Grocery & Consumables,Evergreen Consumer Goods,2192,16.01,72.18,34.26,42,0,0,2146,6362,2026-08-17
SKU-00991,Fair Trade Coffee 148,Grocery & Consumables,Delta Prime Wholesale,1645,8.03,98.35,49.59,22,0,0,3314,9516,2026-08-29
SKU-00992,Mini Card Game 379,Toys & Games,Anchor Point Toys Inc.,315,9.01,13.72,5.33,14,0,0,395,1206,2026-08-23
SKU-00993,Thermal Hoodie 626,Apparel,Pacific Rim Sourcing,156,34.56,6.82,7.23,23,1,172,194,624,2026-09-08
SKU-00994,Pro-Grade Dumbbell Set 979,Sporting Goods,Northgate Wholesale,290,51.15,45.43,23.87,6,2,484,1540,4406,2026-09-07
SKU-00995,Smart Charger 299,Electronics,TransGlobal Manufacturing,585,368.53,19.7,4.77,26,0,0,587,1761,2026-08-28
SKU-00996,Precision Respirator Mask 263,Industrial Supplies,Union Square Fabricators,159,154.77,5.89,4.12,16,1,162,158,558,2026-08-31
SKU-00997,Silicone Water Bottle 245,Home & Kitchen,TransGlobal Manufacturing,607,69.64,17.82,15.1,22,0,0,576,1791,2026-07-31
SKU-00998,Extra Virgin Olive Oil 462,Grocery & Consumables,Evergreen Consumer Goods,891,3.8,39.97,9.63,10,1,554,1178,3499,2026-07-21
SKU-00999,Anti-Aging Body Wash 221,Health & Beauty,Evergreen Consumer Goods,136,7.83,6.21,2.64,11,0,0,192,560,2026-08-25
SKU-01000,Unisex Jacket 270,Apparel,Pacific Rim Sourcing,91,14.51,4.42,1.02,24,0,0,122,365,2026-09-02
